user_id,movie_id,rating,title
2439493,46,5,Rudolph the Red-Nosed Reindeer
322009,26,4,Never Die Alone
1664010,145,4,Get Out Your Handkerchiefs
789014,46,4,Rudolph the Red-Nosed Reindeer
1461435,79,1,The Killing
525356,30,2,Something's Gotta Give
769702,49,1,Devo: The Complete Truth About De-evolution
1028463,52,1,The Weather Underground
2625420,83,4,Silkwood
1403217,157,2,Laird: White Knuckle Extreme
525356,33,2,Aqua Teen Hunger Force: Vol. 1
1227322,127,2,Fatal Beauty
1272379,29,1,Boycott
1876520,124,1,Cold Blooded
1673185,103,3,Sanford and Son: Season 6
1314869,148,4,Sweet November
507603,17,1,7 Seconds
1300759,36,3,Lady Chatterley
1299887,104,3,The Great Race
1932594,28,3,Lilo and Stitch
1298511,78,3,Jingle All the Way
952156,30,4,Something's Gotta Give
2040859,138,1,Star Trek: Voyager: Season 1
1227322,140,1,Lost in the Wild
2150746,109,1,No Way Back
1876520,109,1,No Way Back
1932594,38,1,Daydream Obsession
2439493,18,1,Immortal Beloved
2056022,96,3,Inside the Space Station
16272,31,3,Classic Albums: Meat Loaf: Bat Out of Hell
908205,173,5,The Devil's Brigade
530789,8,5,What the #$*! Do We Know!?
2143500,148,2,Sweet November
1612901,155,4,The Strongest Man in the World
1227322,17,1,7 Seconds
1771252,118,2,Rambo: First Blood Part II
2439493,100,1,Sam the Iron Bridge
2150746,32,4,ABC Primetime: Mel Gibson's The Passion of the Christ
2634967,6,2,Sick
447759,7,5,8 Man
2439493,82,1,The Frogmen
1935793,122,1,Cube 2: Hypercube
883478,167,3,The Chorus
387418,22,2,Chump Change
1932594,133,2,Viva La Bam: Season 1
319058,76,5,I Love Lucy: Season 2
530789,167,5,The Chorus
1139570,166,3,Fame
1932594,64,1,Outside the Law
1612901,118,2,Rambo: First Blood Part II
727242,128,1,Mr. Vampire
2238060,174,5,Adam-12: Season 1
1932594,24,2,My Bloody Valentine
1663888,8,3,What the #$*! Do We Know!?
1227322,44,2,Spitfire Grill
716173,166,5,Fame
1509395,45,4,The Love Letter
2552319,74,2,6ixtynin9
1461435,106,5,Stevie Ray Vaughan and Double Trouble: Live at Montreux 1982 & 1985
2439493,33,1,Aqua Teen Hunger Force: Vol. 1
2439493,66,1,Barbarian Queen 2
387418,16,2,Screamers
387418,119,2,Travel the World by Train: Africa
2056022,68,3,Invader Zim
319058,73,2,Davy Crockett: 50th Anniversary Double Feature
752642,86,1,Iron Monkey 2
1977959,117,3,Silk Stockings
2238060,27,5,Sesame Street: Elmo's World: The Street We Live On
2237185,57,4,Richard III
491531,35,5,Ferngully 2: The Magical Rescue
1903324,117,1,Silk Stockings
595778,48,1,Justice League
1146000,16,1,Screamers
2297136,58,2,Dragonheart
3321,28,4,Lilo and Stitch
1515355,135,5,GTO: Great Teacher Onizuka: Set 2
1639792,115,1,Lord Peter Wimsey: Murder Must Advertise
722591,4,4,Paula Abdul's Get Up & Dance
305344,3,2,Character
2297136,27,1,Sesame Street: Elmo's World: The Street We Live On
507094,118,4,Rambo: First Blood Part II
2147527,154,2,Demon Warrior Koji
2606799,174,2,Adam-12: Season 1
1272379,31,1,Classic Albums: Meat Loaf: Bat Out of Hell
16272,138,4,Star Trek: Voyager: Season 1
908205,58,4,Dragonheart
789014,168,1,Smokey and the Bandit Part 3
2606799,150,4,Firetrap
1357209,143,3,The Game
2537543,108,1,Spartan
1314869,52,1,The Weather Underground
2118461,109,4,No Way Back
16272,3,4,Character
2606799,165,4,Richard Pryor: Live on the Sunset Strip
1664010,47,5,The Bad and the Beautiful
1650301,170,2,Tomorrow
305344,169,1,Cartoon Network Halloween: 9 Creepy Cartoon Capers
2143500,73,3,Davy Crockett: 50th Anniversary Double Feature
2606799,154,3,Demon Warrior Koji
1663888,80,4,Winter Kills
1792741,131,1,Arachnid
1977959,21,4,Strange Relations
2147527,174,2,Adam-12: Season 1
2457095,108,4,Spartan
2439493,51,4,Jonah: A VeggieTales Movie: Bonus Material
16272,83,3,Silkwood
636262,58,1,Dragonheart
1932594,134,3,Spirit Lost
147386,148,3,Sweet November
1461435,36,5,Lady Chatterley
2584676,84,1,The Powerpuff Girls Movie
1001129,90,2,The Lemon Drop Kid
507603,152,1,A Little Princess
2248080,173,3,The Devil's Brigade
2083367,132,3,Lucio Fulci: The Beyond
2118461,13,5,Lord of the Rings: The Return of the King: Extended Edition: Bonus Material
1612901,32,3,ABC Primetime: Mel Gibson's The Passion of the Christ
2150746,5,4,The Rise and Fall of ECW
743633,143,4,The Game
319058,143,1,The Game
1114324,111,4,Duplex (Widescreen)
1664010,101,5,Complete Shamanic Princess
2625420,118,3,Rambo: First Blood Part II
303948,117,4,Silk Stockings
2056022,40,4,Pitcher and the Pin-Up
322009,89,3,Chain of Command
1935793,125,4,Nighthawks
752642,83,3,Silkwood
1673185,125,3,Nighthawks
507603,110,1,Scandal
1061195,118,2,Rambo: First Blood Part II
682963,1,3,Dinosaur Planet
752642,156,4,Husbands and Wives
873713,6,1,Sick
16272,55,3,Jade
147386,155,2,The Strongest Man in the World
491531,113,4,Bruce Lee: A Warrior's Journey
303948,79,3,The Killing
16272,18,4,Immortal Beloved
2439493,160,1,Gormenghast
2439493,45,1,The Love Letter
1139570,148,3,Sweet November
57633,38,3,Daydream Obsession
1037245,109,3,No Way Back
1673185,28,3,Lilo and Stitch
2143500,117,3,Silk Stockings
1612901,30,3,Something's Gotta Give
752642,19,2,By Dawn's Early Light
1902838,29,3,Boycott
952156,104,4,The Great Race
530789,83,5,Silkwood
1556831,156,2,Husbands and Wives
1792741,58,2,Dragonheart
1935793,118,3,Rambo: First Blood Part II
1061195,76,5,I Love Lucy: Season 2
1792741,170,3,Tomorrow
1139570,104,4,The Great Race
1166912,143,3,The Game
1664010,9,3,Class of Nuke 'Em High 2
952156,3,5,Character
2634967,169,1,Cartoon Network Halloween: 9 Creepy Cartoon Capers
1784150,143,3,The Game
2248080,129,3,Darkwolf
1852040,6,1,Sick
1903324,97,1,Mostly Martha
1114324,66,3,Barbarian Queen 2
1650301,148,2,Sweet November
647979,118,2,Rambo: First Blood Part II
1146000,161,4,Ninotchka
507603,29,1,Boycott
1977959,160,3,Gormenghast
2147527,160,2,Gormenghast
1977959,146,3,Cannibal Women in the Avocado Jungle of Death
1932594,128,1,Mr. Vampire
2457095,157,1,Laird: White Knuckle Extreme
2143500,171,4,Funny Face
1515355,84,4,The Powerpuff Girls Movie
769702,47,5,The Bad and the Beautiful
1664010,37,5,Zatoichi's Conspiracy
1403217,32,3,ABC Primetime: Mel Gibson's The Passion of the Christ
1028463,163,1,MTV: Making the Band 2: Best of Season 1
722591,84,3,The Powerpuff Girls Movie
2119007,128,1,Mr. Vampire
2291306,49,5,Devo: The Complete Truth About De-evolution
504620,102,1,Notre Musique
2118461,17,3,7 Seconds
503235,175,4,Reservoir Dogs
1556831,143,2,The Game
1461435,66,1,Barbarian Queen 2
2056022,69,3,WWE: Armageddon 2003
530789,1,5,Dinosaur Planet
1932594,124,4,Cold Blooded
2634967,143,4,The Game
1612901,79,5,The Killing
491531,12,3,My Favorite Brunette
1403217,151,1,Sleepover Nightmare
507094,143,1,The Game
1403217,23,2,Clifford: Clifford Saves the Day! / Clifford's Fluffiest Friend Cleo
504620,73,3,Davy Crockett: 50th Anniversary Double Feature
305344,74,1,6ixtynin9
305344,62,2,Ken Burns' America: Empire of the Air
2056022,108,4,Spartan
1033930,125,3,Nighthawks
1639792,35,1,Ferngully 2: The Magical Rescue
2439493,15,1,Neil Diamond: Greatest Hits Live
503235,77,3,Congo
57633,143,3,The Game
2602249,44,3,Spitfire Grill
1902838,104,2,The Great Race
387418,1,1,Dinosaur Planet
1639792,107,2,Magnolia: Bonus Material
1664010,16,5,Screamers
682963,108,3,Spartan
1806515,108,3,Spartan
883478,44,3,Spitfire Grill
1470123,165,4,Richard Pryor: Live on the Sunset Strip
1473980,30,5,Something's Gotta Give
322009,1,3,Dinosaur Planet
507094,166,3,Fame
862596,143,3,The Game
2238060,109,2,No Way Back
1902838,127,1,Fatal Beauty
1784150,37,4,Zatoichi's Conspiracy
2256485,131,3,Arachnid
71594,77,3,Congo
1227322,58,1,Dragonheart
2606799,149,2,The Edward R. Murrow Collection
1792741,118,1,Rambo: First Blood Part II
71594,99,2,A Fishy Story
1932594,112,1,The Eye of Vichy
2439493,44,3,Spitfire Grill
57633,47,5,The Bad and the Beautiful
1515355,138,5,Star Trek: Voyager: Season 1
743633,17,5,7 Seconds
2083367,48,4,Justice League
1314869,162,3,John Cleese on How to Irritate People
908205,26,3,Never Die Alone
2118461,57,4,Richard III
1515355,174,4,Adam-12: Season 1
1639792,30,3,Something's Gotta Give
2256485,111,2,Duplex (Widescreen)
2625420,135,2,GTO: Great Teacher Onizuka: Set 2
1403217,161,2,Ninotchka
386947,90,2,The Lemon Drop Kid
2457095,19,3,By Dawn's Early Light
1852040,54,1,We're Not Married
2083367,16,4,Screamers
1664010,14,3,Nature: Antarctica
798296,160,1,Gormenghast
1806515,127,3,Fatal Beauty
2056022,52,2,The Weather Underground
1935793,6,1,Sick
1852040,57,1,Richard III
716173,142,3,The Tricky Master
769702,138,5,Star Trek: Voyager: Season 1
789014,112,1,The Eye of Vichy
1819462,133,1,Viva La Bam: Season 1
1852040,150,2,Firetrap
402266,83,4,Silkwood
1977959,111,2,Duplex (Widescreen)
16272,171,3,Funny Face
1001129,155,3,The Strongest Man in the World
1563935,126,1,Vampire Effect (aka Twins Effect)
798296,35,2,Ferngully 2: The Magical Rescue
1105029,53,2,The Bonesetter
386947,111,3,Duplex (Widescreen)
1299887,110,4,Scandal
2238060,138,5,Star Trek: Voyager: Season 1
2083367,72,3,Unknown
1037245,116,5,Bear Cub
2625420,50,2,A Yank in the R.A.F.
1114324,105,1,Obsessed
2606799,126,1,Vampire Effect (aka Twins Effect)
908205,17,3,7 Seconds
1509395,58,3,Dragonheart
507603,14,1,Nature: Antarctica
2297136,33,1,Aqua Teen Hunger Force: Vol. 1
1272379,152,1,A Little Princess
1061195,168,4,Smokey and the Bandit Part 3
184705,105,5,Obsessed
2606799,89,3,Chain of Command
1556831,152,3,A Little Princess
786312,18,3,Immortal Beloved
1650301,25,2,Inspector Morse 31: Death Is Now My Neighbour
743633,55,4,Jade
2625420,152,2,A Little Princess
387418,165,2,Richard Pryor: Live on the Sunset Strip
1602153,28,3,Lilo and Stitch
3321,152,3,A Little Princess
2439493,149,1,The Edward R. Murrow Collection
1033930,83,4,Silkwood
2056022,3,2,Character
2297136,32,1,ABC Primetime: Mel Gibson's The Passion of the Christ
1166912,166,2,Fame
2237185,37,4,Zatoichi's Conspiracy
1707198,29,3,Boycott
2119007,89,1,Chain of Command
1061195,67,2,Vampire Journals
57633,117,5,Silk Stockings
2118461,167,4,The Chorus
2606799,145,2,Get Out Your Handkerchiefs
1792741,57,3,Richard III
2457095,44,3,Spitfire Grill
2119007,55,3,Jade
1639792,60,1,The Libertine
2119007,28,5,Lilo and Stitch
952156,83,4,Silkwood
2083367,96,3,Inside the Space Station
1710658,76,3,I Love Lucy: Season 2
2606799,30,4,Something's Gotta Give
1876520,142,1,The Tricky Master
595778,45,4,The Love Letter
1037245,55,4,Jade
1461435,45,1,The Love Letter
647979,79,4,The Killing
789014,58,3,Dragonheart
1852040,108,3,Spartan
883478,71,2,Maya Lin: A Strong Clear Vision
507603,89,1,Chain of Command
873713,132,5,Lucio Fulci: The Beyond
1314869,125,3,Nighthawks
1927580,90,3,The Lemon Drop Kid
303948,155,5,The Strongest Man in the World
2147527,25,2,Inspector Morse 31: Death Is Now My Neighbour
1114324,104,4,The Great Race
1033930,12,3,My Favorite Brunette
1470123,138,1,Star Trek: Voyager: Season 1
303948,135,4,GTO: Great Teacher Onizuka: Set 2
2606799,68,2,Invader Zim
507094,31,3,Classic Albums: Meat Loaf: Bat Out of Hell
1461435,29,1,Boycott
2083367,113,4,Bruce Lee: A Warrior's Journey
1664010,157,4,Laird: White Knuckle Extreme
1470123,12,1,My Favorite Brunette
2439493,129,1,Darkwolf
1556831,12,3,My Favorite Brunette
402266,15,3,Neil Diamond: Greatest Hits Live
1876520,23,1,Clifford: Clifford Saves the Day! / Clifford's Fluffiest Friend Cleo
1819462,68,2,Invader Zim
504620,58,5,Dragonheart
1784150,167,1,The Chorus
1114324,118,2,Rambo: First Blood Part II
305344,33,1,Aqua Teen Hunger Force: Vol. 1
1509395,143,4,The Game
1314869,48,4,Justice League
1664010,79,5,The Killing
2150746,76,5,I Love Lucy: Season 2
1166912,136,2,Cat and the Canary
3321,48,4,Justice League
1461435,44,1,Spitfire Grill
1033930,16,3,Screamers
1299887,77,2,Congo
2118461,96,4,Inside the Space Station
1902838,152,2,A Little Princess
1935793,173,3,The Devil's Brigade
1852040,171,2,Funny Face
1061195,28,4,Lilo and Stitch
1114324,45,2,The Love Letter
1977959,108,2,Spartan
1037245,58,5,Dragonheart
1977959,55,2,Jade
1819462,166,1,Fame
387418,35,2,Ferngully 2: The Magical Rescue
908205,18,3,Immortal Beloved
1300759,109,3,No Way Back
1028463,122,3,Cube 2: Hypercube
1357209,146,2,Cannibal Women in the Avocado Jungle of Death
1146000,77,1,Congo
2147527,81,2,Antarctica: IMAX
2439493,49,1,Devo: The Complete Truth About De-evolution
2552319,19,3,By Dawn's Early Light
491531,162,2,John Cleese on How to Irritate People
319058,117,3,Silk Stockings
2256485,68,1,Invader Zim
1664010,111,5,Duplex (Widescreen)
1977959,166,4,Fame
1037245,24,4,My Bloody Valentine
1139570,48,2,Justice League
1673185,12,3,My Favorite Brunette
387418,5,1,The Rise and Fall of ECW
2147527,47,1,The Bad and the Beautiful
2625420,94,2,G3: Live in Concert
1029163,26,2,Never Die Alone
1563935,36,1,Lady Chatterley
74441,171,4,Funny Face
908205,16,2,Screamers
1515355,57,3,Richard III
1298511,148,1,Sweet November
1650301,154,2,Demon Warrior Koji
2040859,76,1,I Love Lucy: Season 2
1650301,88,1,Record of Lodoss War: Chronicles of the Heroic Knight
1563935,160,1,Gormenghast
1707198,125,3,Nighthawks
1461435,31,3,Classic Albums: Meat Loaf: Bat Out of Hell
1902838,57,3,Richard III
1061195,55,1,Jade
16272,148,3,Sweet November
2062350,77,4,Congo
1556831,116,1,Bear Cub
1902838,21,2,Strange Relations
1650301,108,2,Spartan
647979,148,2,Sweet November
2118461,22,3,Chump Change
503235,28,2,Lilo and Stitch
786312,56,3,Carandiru
2118461,168,4,Smokey and the Bandit Part 3
238740,76,3,I Love Lucy: Season 2
238740,117,4,Silk Stockings
1300759,156,4,Husbands and Wives
2143500,166,2,Fame
1612901,104,3,The Great Race
16272,48,2,Justice League
1663888,171,1,Funny Face
1664010,5,5,The Rise and Fall of ECW
2040859,163,1,MTV: Making the Band 2: Best of Season 1
1784150,173,5,The Devil's Brigade
1932594,168,2,Smokey and the Bandit Part 3
1903324,48,1,Justice League
1664010,118,5,Rambo: First Blood Part II
1166912,17,3,7 Seconds
1927580,63,2,Crash Dive
2118461,23,5,Clifford: Clifford Saves the Day! / Clifford's Fluffiest Friend Cleo
530789,173,5,The Devil's Brigade
1061195,86,1,Iron Monkey 2
794999,47,5,The Bad and the Beautiful
2291306,143,2,The Game
387418,44,2,Spitfire Grill
2040859,108,4,Spartan
507603,171,1,Funny Face
1932594,63,2,Crash Dive
184705,53,3,The Bonesetter
1037245,97,3,Mostly Martha
647979,30,3,Something's Gotta Give
1114324,150,3,Firetrap
862596,111,3,Duplex (Widescreen)
2634967,67,1,Vampire Journals
2147527,69,2,WWE: Armageddon 2003
387418,32,1,ABC Primetime: Mel Gibson's The Passion of the Christ
74441,47,4,The Bad and the Beautiful
1673185,117,3,Silk Stockings
387418,149,1,The Edward R. Murrow Collection
684876,104,5,The Great Race
2118461,147,3,Where Sleeping Dogs Lie
387418,138,1,Star Trek: Voyager: Season 1
530789,48,3,Justice League
507094,37,4,Zatoichi's Conspiracy
1470123,77,5,Congo
507603,58,1,Dragonheart
2147527,68,1,Invader Zim
1556831,77,4,Congo
2118461,148,4,Sweet November
1403217,174,2,Adam-12: Season 1
1001129,17,2,7 Seconds
873713,9,1,Class of Nuke 'Em High 2
1664010,63,4,Crash Dive
2040859,106,1,Stevie Ray Vaughan and Double Trouble: Live at Montreux 1982 & 1985
952156,48,2,Justice League
491531,19,2,By Dawn's Early Light
530789,50,5,A Yank in the R.A.F.
2083367,24,3,My Bloody Valentine
1556831,29,1,Boycott
2150746,79,3,The Killing
1650301,29,2,Boycott
952156,127,1,Fatal Beauty
2537543,52,1,The Weather Underground
1707198,57,3,Richard III
1673185,78,2,Jingle All the Way
386947,78,3,Jingle All the Way
2625420,173,1,The Devil's Brigade
727242,28,1,Lilo and Stitch
1650301,76,1,I Love Lucy: Season 2
2634967,142,1,The Tricky Master
1300759,171,4,Funny Face
2056022,23,2,Clifford: Clifford Saves the Day! / Clifford's Fluffiest Friend Cleo
636262,92,1,ECW: Cyberslam '99
1470123,112,1,The Eye of Vichy
2606799,101,2,Complete Shamanic Princess
1927580,167,3,The Chorus
491531,104,2,The Great Race
1602153,55,2,Jade
1033930,106,3,Stevie Ray Vaughan and Double Trouble: Live at Montreux 1982 & 1985
507094,8,5,What the #$*! Do We Know!?
1403217,132,1,Lucio Fulci: The Beyond
71594,156,2,Husbands and Wives
184705,17,3,7 Seconds
1461435,65,1,Lost in the Pershing Point Hotel
1403217,111,4,Duplex (Widescreen)
2625420,10,2,Fighter
1139570,165,2,Richard Pryor: Live on the Sunset Strip
305344,54,1,We're Not Married
1927580,25,5,Inspector Morse 31: Death Is Now My Neighbour
682963,50,4,A Yank in the R.A.F.
1314869,106,4,Stevie Ray Vaughan and Double Trouble: Live at Montreux 1982 & 1985
491531,138,4,Star Trek: Voyager: Season 1
727242,79,1,The Killing
1707198,156,2,Husbands and Wives
716173,48,5,Justice League
2237185,19,3,By Dawn's Early Light
2056022,47,1,The Bad and the Beautiful
716173,29,4,Boycott
305344,75,1,Grind
1852040,127,1,Fatal Beauty
71594,136,3,Cat and the Canary
2118461,21,4,Strange Relations
1792741,103,2,Sanford and Son: Season 6
387418,125,2,Nighthawks
447759,32,5,ABC Primetime: Mel Gibson's The Passion of the Christ
2291306,4,1,Paula Abdul's Get Up & Dance
1114324,41,1,Horror Vision
57633,24,2,My Bloody Valentine
305344,170,1,Tomorrow
1556831,127,2,Fatal Beauty
1639792,39,1,Love Reinvented
752642,44,2,Spitfire Grill
1461435,4,1,Paula Abdul's Get Up & Dance
752642,1,3,Dinosaur Planet
786312,21,3,Strange Relations
1664010,65,3,Lost in the Pershing Point Hotel
16272,88,3,Record of Lodoss War: Chronicles of the Heroic Knight
794999,71,5,Maya Lin: A Strong Clear Vision
818752,110,3,Scandal
491531,53,2,The Bonesetter
184705,30,5,Something's Gotta Give
402266,90,3,The Lemon Drop Kid
1664010,110,5,Scandal
2143500,168,1,Smokey and the Bandit Part 3
1639792,134,1,Spirit Lost
2040859,115,1,Lord Peter Wimsey: Murder Must Advertise
1664010,141,3,Goddess of Mercy
504620,113,3,Bruce Lee: A Warrior's Journey
2606799,131,1,Arachnid
1357209,30,3,Something's Gotta Give
1139570,44,3,Spitfire Grill
2150746,166,4,Fame
636262,168,3,Smokey and the Bandit Part 3
1461435,3,1,Character
1664010,48,5,Justice League
1792741,44,5,Spitfire Grill
305344,26,1,Never Die Alone
1473980,175,3,Reservoir Dogs
1105029,3,3,Character
184705,165,3,Richard Pryor: Live on the Sunset Strip
387418,154,1,Demon Warrior Koji
1664010,88,4,Record of Lodoss War: Chronicles of the Heroic Knight
752642,66,1,Barbarian Queen 2
1298511,12,1,My Favorite Brunette
1166912,89,3,Chain of Command
1473980,155,2,The Strongest Man in the World
238740,18,4,Immortal Beloved
1977959,130,3,Drowning on Dry Land
2238060,88,3,Record of Lodoss War: Chronicles of the Heroic Knight
322009,104,3,The Great Race
387418,9,1,Class of Nuke 'Em High 2
2237185,75,3,Grind
2248080,16,3,Screamers
1461435,50,1,A Yank in the R.A.F.
2118461,42,3,Searching for Paradise
2248080,83,3,Silkwood
2315012,47,1,The Bad and the Beautiful
2237185,161,5,Ninotchka
57633,111,3,Duplex (Widescreen)
595778,131,2,Arachnid
1300759,77,4,Congo
386947,83,3,Silkwood
1806515,19,3,By Dawn's Early Light
1650301,48,2,Justice League
303948,73,4,Davy Crockett: 50th Anniversary Double Feature
1114324,116,1,Bear Cub
2056022,27,2,Sesame Street: Elmo's World: The Street We Live On
319058,30,4,Something's Gotta Give
1932594,48,2,Justice League
786312,44,4,Spitfire Grill
1650301,132,1,Lucio Fulci: The Beyond
1114324,123,3,Chain of Fools
1028463,6,1,Sick
1001129,84,3,The Powerpuff Girls Movie
2238060,52,4,The Weather Underground
1314869,169,3,Cartoon Network Halloween: 9 Creepy Cartoon Capers
386947,77,3,Congo
2439493,151,1,Sleepover Nightmare
530789,108,5,Spartan
2062350,35,4,Ferngully 2: The Magical Rescue
387418,73,1,Davy Crockett: 50th Anniversary Double Feature
1664010,32,5,ABC Primetime: Mel Gibson's The Passion of the Christ
2439493,113,1,Bruce Lee: A Warrior's Journey
2238060,81,2,Antarctica: IMAX
952156,47,3,The Bad and the Beautiful
1114324,140,1,Lost in the Wild
2056022,143,3,The Game
1710658,58,3,Dragonheart
503235,97,2,Mostly Martha
305344,173,3,The Devil's Brigade
71594,18,3,Immortal Beloved
3321,166,3,Fame
1110156,18,3,Immortal Beloved
1061195,143,1,The Game
1876520,89,1,Chain of Command
2118461,59,4,Sex and the Beauties
2118461,158,3,A Killer Within
2439493,10,1,Fighter
2238060,125,2,Nighthawks
1639792,131,1,Arachnid
2118461,173,4,The Devil's Brigade
1314869,58,3,Dragonheart
1114324,8,4,What the #$*! Do We Know!?
16272,67,2,Vampire Journals
1556831,90,4,The Lemon Drop Kid
1114324,137,1,Naked Lies
1792741,76,4,I Love Lucy: Season 2
798296,86,1,Iron Monkey 2
184705,138,3,Star Trek: Voyager: Season 1
1515355,114,5,Dominion Tank Police Part 1 & 2
789014,107,1,Magnolia: Bonus Material
883478,83,5,Silkwood
1806515,58,4,Dragonheart
16272,110,3,Scandal
2552319,101,1,Complete Shamanic Princess
873713,12,1,My Favorite Brunette
1664010,66,3,Barbarian Queen 2
319058,19,2,By Dawn's Early Light
2237185,125,3,Nighthawks
71594,55,2,Jade
789014,39,1,Love Reinvented
2083367,26,4,Never Die Alone
2119007,103,5,Sanford and Son: Season 6
2439493,168,2,Smokey and the Bandit Part 3
1001129,124,2,Cold Blooded
1927580,57,5,Richard III
883478,116,3,Bear Cub
752642,108,2,Spartan
752642,99,2,A Fishy Story
504620,160,1,Gormenghast
2297136,144,1,Deepak Chopra: The Way of the Wizard & Alchemy
2439493,170,1,Tomorrow
2291306,31,1,Classic Albums: Meat Loaf: Bat Out of Hell
2143500,80,2,Winter Kills
1461435,89,1,Chain of Command
2537543,23,5,Clifford: Clifford Saves the Day! / Clifford's Fluffiest Friend Cleo
2238060,108,4,Spartan
1114324,26,4,Never Die Alone
684876,175,1,Reservoir Dogs
2248080,104,3,The Great Race
1300759,80,3,Winter Kills
2150746,18,5,Immortal Beloved
1664010,68,5,Invader Zim
1556831,68,1,Invader Zim
862596,25,1,Inspector Morse 31: Death Is Now My Neighbour
2143500,143,3,The Game
1664010,36,4,Lady Chatterley
722591,110,4,Scandal
1233297,104,3,The Great Race
387418,4,2,Paula Abdul's Get Up & Dance
908205,152,3,A Little Princess
952156,125,3,Nighthawks
786312,120,3,Plain Dirty
2248080,111,3,Duplex (Widescreen)
883478,145,3,Get Out Your Handkerchiefs
752642,57,3,Richard III
1028463,77,5,Congo
1663888,145,4,Get Out Your Handkerchiefs
1515355,85,5,Elfen Lied
1105029,76,5,I Love Lucy: Season 2
1602153,83,3,Silkwood
2040859,87,1,Louder Than Bombs
798296,101,1,Complete Shamanic Princess
794999,153,5,MTV Yoga
1314869,17,3,7 Seconds
2040859,33,1,Aqua Teen Hunger Force: Vol. 1
1707198,113,3,Bruce Lee: A Warrior's Journey
1563935,20,1,Seeta Aur Geeta
2457095,18,2,Immortal Beloved
1784150,131,3,Arachnid
1806515,7,1,8 Man
74441,28,3,Lilo and Stitch
503235,6,3,Sick
908205,122,3,Cube 2: Hypercube
2439493,175,1,Reservoir Dogs
319058,47,4,The Bad and the Beautiful
322009,108,4,Spartan
1110156,55,2,Jade
1272379,23,3,Clifford: Clifford Saves the Day! / Clifford's Fluffiest Friend Cleo
1771252,105,3,Obsessed
1984086,171,5,Funny Face
1105029,52,4,The Weather Underground
1977959,156,4,Husbands and Wives
716173,18,5,Immortal Beloved
2143500,57,2,Richard III
1663888,83,5,Silkwood
1664010,114,5,Dominion Tank Police Part 1 & 2
2297136,138,5,Star Trek: Voyager: Season 1
2606799,116,2,Bear Cub
507094,171,4,Funny Face
743633,18,4,Immortal Beloved
2552319,36,3,Lady Chatterley
1602153,107,2,Magnolia: Bonus Material
1932594,26,3,Never Die Alone
1784150,5,2,The Rise and Fall of ECW
952156,18,3,Immortal Beloved
387418,78,2,Jingle All the Way
57633,83,4,Silkwood
1028463,133,1,Viva La Bam: Season 1
647979,143,3,The Game
1314869,43,4,Silent Service
2439493,145,1,Get Out Your Handkerchiefs
3321,156,1,Husbands and Wives
1664010,11,3,Full Frame: Documentary Shorts
2238060,79,5,The Killing
507603,15,1,Neil Diamond: Greatest Hits Live
1984086,146,2,Cannibal Women in the Avocado Jungle of Death
1470123,143,5,The Game
1806515,23,3,Clifford: Clifford Saves the Day! / Clifford's Fluffiest Friend Cleo
2237185,83,4,Silkwood
2238060,124,4,Cold Blooded
503235,155,3,The Strongest Man in the World
2602249,118,3,Rambo: First Blood Part II
2256485,166,3,Fame
1663888,110,4,Scandal
1902838,18,3,Immortal Beloved
1299887,47,4,The Bad and the Beautiful
1771252,12,3,My Favorite Brunette
1403217,169,1,Cartoon Network Halloween: 9 Creepy Cartoon Capers
184705,57,3,Richard III
1876520,127,1,Fatal Beauty
57633,54,2,We're Not Married
2537543,10,1,Fighter
1357209,57,2,Richard III
769702,90,3,The Lemon Drop Kid
1299887,57,5,Richard III
1852040,163,1,MTV: Making the Band 2: Best of Season 1
1984086,45,4,The Love Letter
1037245,89,3,Chain of Command
1792741,149,3,The Edward R. Murrow Collection
147386,165,3,Richard Pryor: Live on the Sunset Strip
2297136,152,1,A Little Princess
1272379,36,1,Lady Chatterley
1061195,45,3,The Love Letter
1509395,122,2,Cube 2: Hypercube
305344,25,1,Inspector Morse 31: Death Is Now My Neighbour
386947,26,3,Never Die Alone
1612901,122,1,Cube 2: Hypercube
684876,90,4,The Lemon Drop Kid
2552319,27,2,Sesame Street: Elmo's World: The Street We Live On
1473980,26,4,Never Die Alone
1903324,111,4,Duplex (Widescreen)
2056022,129,2,Darkwolf
1639792,139,1,Allergies: A Natural Approach
1515355,48,4,Justice League
1272379,47,1,The Bad and the Beautiful
1935793,71,1,Maya Lin: A Strong Clear Vision
1927580,156,5,Husbands and Wives
16272,166,3,Fame
57633,77,3,Congo
1852040,166,2,Fame
1664010,44,5,Spitfire Grill
2256485,94,1,G3: Live in Concert
1932594,100,1,Sam the Iron Bridge
1664010,3,5,Character
789014,83,3,Silkwood
2552319,115,2,Lord Peter Wimsey: Murder Must Advertise
1664010,62,5,Ken Burns' America: Empire of the Air
1664010,150,4,Firetrap
1028463,83,3,Silkwood
1461435,84,1,The Powerpuff Girls Movie
402266,143,3,The Game
1977959,171,3,Funny Face
1029163,8,2,What the #$*! Do We Know!?
2248080,143,3,The Game
769702,157,1,Laird: White Knuckle Extreme
1461435,118,1,Rambo: First Blood Part II
798296,153,1,MTV Yoga
1852040,111,3,Duplex (Widescreen)
789014,95,1,Dona Herlinda and Her Son
1935793,1,1,Dinosaur Planet
303948,174,3,Adam-12: Season 1
682963,105,3,Obsessed
319058,155,4,The Strongest Man in the World
1663888,155,3,The Strongest Man in the World
1461435,17,2,7 Seconds
794999,30,5,Something's Gotta Give
2625420,2,2,Isle of Man TT 2004 Review
402266,81,5,Antarctica: IMAX
2040859,89,3,Chain of Command
16272,97,5,Mostly Martha
1664010,90,5,The Lemon Drop Kid
1357209,118,4,Rambo: First Blood Part II
1001129,26,2,Never Die Alone
1639792,95,1,Dona Herlinda and Her Son
1663888,29,3,Boycott
305344,35,3,Ferngully 2: The Magical Rescue
2118461,154,3,Demon Warrior Koji
2606799,53,1,The Bonesetter
1710658,118,3,Rambo: First Blood Part II
2256485,77,2,Congo
2439493,173,1,The Devil's Brigade
1509395,108,3,Spartan
2040859,119,1,Travel the World by Train: Africa
908205,76,3,I Love Lucy: Season 2
1932594,122,3,Cube 2: Hypercube
3321,131,1,Arachnid
2238060,45,2,The Love Letter
794999,3,5,Character
1932594,37,1,Zatoichi's Conspiracy
1314869,27,1,Sesame Street: Elmo's World: The Street We Live On
3321,168,2,Smokey and the Bandit Part 3
636262,166,4,Fame
2439493,119,1,Travel the World by Train: Africa
2147527,116,1,Bear Cub
2119007,104,3,The Great Race
2439493,167,1,The Chorus
2237185,26,3,Never Die Alone
595778,103,5,Sanford and Son: Season 6
1470123,166,2,Fame
1272379,6,1,Sick
786312,156,4,Husbands and Wives
1470123,116,4,Bear Cub
507094,49,4,Devo: The Complete Truth About De-evolution
303948,16,4,Screamers
1639792,109,1,No Way Back
2248080,48,3,Justice League
743633,83,5,Silkwood
387418,90,1,The Lemon Drop Kid
1664010,18,5,Immortal Beloved
1300759,166,4,Fame
2315012,166,3,Fame
507094,114,5,Dominion Tank Police Part 1 & 2
1061195,97,5,Mostly Martha
1663888,152,3,A Little Princess
2062350,138,5,Star Trek: Voyager: Season 1
1272379,30,2,Something's Gotta Give
2056022,1,3,Dinosaur Planet
1602153,108,3,Spartan
74441,90,4,The Lemon Drop Kid
595778,143,1,The Game
2552319,138,3,Star Trek: Voyager: Season 1
1314869,168,3,Smokey and the Bandit Part 3
682963,45,3,The Love Letter
1473980,125,3,Nighthawks
752642,137,1,Naked Lies
2457095,143,4,The Game
1061195,125,3,Nighthawks
1927580,113,2,Bruce Lee: A Warrior's Journey
1664010,4,3,Paula Abdul's Get Up & Dance
387418,112,3,The Eye of Vichy
507603,118,1,Rambo: First Blood Part II
303948,118,4,Rambo: First Blood Part II
2439493,92,1,ECW: Cyberslam '99
1902838,148,2,Sweet November
1227322,174,1,Adam-12: Season 1
2238060,166,5,Fame
1673185,108,3,Spartan
2439493,97,1,Mostly Martha
1563935,103,4,Sanford and Son: Season 6
2315012,83,5,Silkwood
789014,143,1,The Game
2119007,5,5,The Rise and Fall of ECW
504620,77,2,Congo
303948,36,3,Lady Chatterley
1664010,151,2,Sleepover Nightmare
57633,97,4,Mostly Martha
525356,79,5,The Killing
2602249,28,3,Lilo and Stitch
1664010,41,2,Horror Vision
322009,32,5,ABC Primetime: Mel Gibson's The Passion of the Christ
716173,97,5,Mostly Martha
798296,77,1,Congo
1033930,143,4,The Game
305344,121,1,Beyonce: Live at Wembley
1710658,125,3,Nighthawks
908205,73,3,Davy Crockett: 50th Anniversary Double Feature
2439493,95,1,Dona Herlinda and Her Son
238740,50,4,A Yank in the R.A.F.
1298511,114,1,Dominion Tank Police Part 1 & 2
798296,45,1,The Love Letter
1710658,167,3,The Chorus
147386,111,3,Duplex (Widescreen)
2291306,94,1,G3: Live in Concert
1233297,55,1,Jade
1673185,77,2,Congo
1935793,79,3,The Killing
507603,173,1,The Devil's Brigade
1509395,28,4,Lilo and Stitch
503235,167,4,The Chorus
2118461,170,3,Tomorrow
2238060,77,5,Congo
2439493,29,1,Boycott
1114324,12,1,My Favorite Brunette
2248080,26,3,Never Die Alone
2584676,173,4,The Devil's Brigade
1037245,30,4,Something's Gotta Give
1061195,152,4,A Little Princess
1563935,76,1,I Love Lucy: Season 2
402266,166,2,Fame
303948,168,4,Smokey and the Bandit Part 3
71594,31,4,Classic Albums: Meat Loaf: Bat Out of Hell
1932594,10,3,Fighter
447759,76,5,I Love Lucy: Season 2
1639792,127,1,Fatal Beauty
1461435,77,1,Congo
716173,140,2,Lost in the Wild
2606799,69,4,WWE: Armageddon 2003
1852040,8,2,What the #$*! Do We Know!?
491531,78,4,Jingle All the Way
2439493,148,5,Sweet November
1037245,80,3,Winter Kills
1061195,77,1,Congo
507603,30,2,Something's Gotta Give
2537543,118,3,Rambo: First Blood Part II
1470123,44,1,Spitfire Grill
2256485,92,1,ECW: Cyberslam '99
1639792,99,1,A Fishy Story
2150746,171,4,Funny Face
507603,113,1,Bruce Lee: A Warrior's Journey
2606799,2,1,Isle of Man TT 2004 Review
2119007,91,5,WWE: Royal Rumble 2005
2537543,26,4,Never Die Alone
952156,28,2,Lilo and Stitch
507603,163,1,MTV: Making the Band 2: Best of Season 1
2056022,17,2,7 Seconds
386947,55,3,Jade
71594,144,3,Deepak Chopra: The Way of the Wizard & Alchemy
2062350,117,4,Silk Stockings
1556831,36,3,Lady Chatterley
952156,110,3,Scandal
1166912,132,3,Lucio Fulci: The Beyond
305344,87,3,Louder Than Bombs
883478,143,3,The Game
1563935,6,1,Sick
1784150,28,3,Lilo and Stitch
1664010,124,3,Cold Blooded
491531,21,2,Strange Relations
507603,167,1,The Chorus
2150746,17,3,7 Seconds
1602153,33,5,Aqua Teen Hunger Force: Vol. 1
908205,138,5,Star Trek: Voyager: Season 1
322009,79,2,The Killing
682963,143,3,The Game
1515355,35,4,Ferngully 2: The Magical Rescue
743633,1,4,Dinosaur Planet
57633,3,4,Character
752642,166,2,Fame
1932594,7,1,8 Man
1852040,32,3,ABC Primetime: Mel Gibson's The Passion of the Christ
2237185,24,4,My Bloody Valentine
2248080,46,5,Rudolph the Red-Nosed Reindeer
305344,8,1,What the #$*! Do We Know!?
2056022,158,2,A Killer Within
387418,144,2,Deepak Chopra: The Way of the Wizard & Alchemy
2238060,143,5,The Game
818752,52,3,The Weather Underground
1314869,68,4,Invader Zim
1314869,74,1,6ixtynin9
1673185,50,2,A Yank in the R.A.F.
684876,168,3,Smokey and the Bandit Part 3
1932594,68,1,Invader Zim
1357209,55,4,Jade
2439493,134,1,Spirit Lost
507094,162,4,John Cleese on How to Irritate People
2147527,143,5,The Game
1105029,24,3,My Bloody Valentine
3321,17,2,7 Seconds
2291306,76,2,I Love Lucy: Season 2
2062350,168,5,Smokey and the Bandit Part 3
2118461,74,4,6ixtynin9
1470123,78,1,Jingle All the Way
57633,57,4,Richard III
1033930,80,4,Winter Kills
447759,33,5,Aqua Teen Hunger Force: Vol. 1
184705,24,3,My Bloody Valentine
1792741,37,3,Zatoichi's Conspiracy
305344,10,1,Fighter
2083367,28,5,Lilo and Stitch
2439493,3,1,Character
57633,58,2,Dragonheart
305344,50,2,A Yank in the R.A.F.
507603,71,1,Maya Lin: A Strong Clear Vision
2634967,31,4,Classic Albums: Meat Loaf: Bat Out of Hell
387418,7,1,8 Man
1299887,28,4,Lilo and Stitch
1852040,156,2,Husbands and Wives
1663888,167,4,The Chorus
2606799,138,4,Star Trek: Voyager: Season 1
2040859,81,1,Antarctica: IMAX
1001129,125,2,Nighthawks
682963,118,3,Rambo: First Blood Part II
2606799,88,2,Record of Lodoss War: Chronicles of the Heroic Knight
794999,95,5,Dona Herlinda and Her Son
2439493,42,1,Searching for Paradise
386947,48,3,Justice League
57633,25,3,Inspector Morse 31: Death Is Now My Neighbour
786312,25,4,Inspector Morse 31: Death Is Now My Neighbour
1639792,43,1,Silent Service
491531,167,3,The Chorus
2602249,125,3,Nighthawks
319058,97,1,Mostly Martha
2118461,152,5,A Little Princess
818752,12,4,My Favorite Brunette
1314869,155,1,The Strongest Man in the World
873713,133,4,Viva La Bam: Season 1
387418,146,2,Cannibal Women in the Avocado Jungle of Death
530789,71,4,Maya Lin: A Strong Clear Vision
2439493,88,1,Record of Lodoss War: Chronicles of the Heroic Knight
1710658,73,3,Davy Crockett: 50th Anniversary Double Feature
1664010,116,5,Bear Cub
1819462,81,2,Antarctica: IMAX
491531,131,2,Arachnid
1639792,19,1,By Dawn's Early Light
1300759,79,4,The Killing
2291306,128,1,Mr. Vampire
1061195,72,1,Unknown
402266,111,2,Duplex (Widescreen)
1664010,82,3,The Frogmen
1932594,167,2,The Chorus
2143500,120,3,Plain Dirty
305344,144,3,Deepak Chopra: The Way of the Wizard & Alchemy
1673185,76,4,I Love Lucy: Season 2
74441,55,1,Jade
2118461,157,4,Laird: White Knuckle Extreme
1403217,167,1,The Chorus
2439493,31,1,Classic Albums: Meat Loaf: Bat Out of Hell
1029163,83,3,Silkwood
2297136,8,4,What the #$*! Do We Know!?
2147527,2,1,Isle of Man TT 2004 Review
2248080,122,3,Cube 2: Hypercube
387418,89,3,Chain of Command
530789,138,5,Star Trek: Voyager: Season 1
682963,81,3,Antarctica: IMAX
883478,81,5,Antarctica: IMAX
2439493,74,1,6ixtynin9
507603,59,1,Sex and the Beauties
1932594,76,3,I Love Lucy: Season 2
2150746,152,3,A Little Princess
2056022,74,2,6ixtynin9
319058,36,3,Lady Chatterley
789014,97,1,Mostly Martha
727242,57,1,Richard III
2602249,143,3,The Game
727242,173,2,The Devil's Brigade
682963,104,4,The Great Race
1470123,57,2,Richard III
873713,152,1,A Little Princess
1461435,70,1,Tai Chi: The 24 Forms
1114324,47,1,The Bad and the Beautiful
305344,168,1,Smokey and the Bandit Part 3
798296,67,1,Vampire Journals
322009,83,4,Silkwood
1461435,95,1,Dona Herlinda and Her Son
1029163,57,2,Richard III
1061195,110,1,Scandal
1792741,47,1,The Bad and the Beautiful
1792741,127,1,Fatal Beauty
743633,108,4,Spartan
2439493,156,1,Husbands and Wives
238740,104,4,The Great Race
1028463,10,2,Fighter
1639792,15,1,Neil Diamond: Greatest Hits Live
238740,145,4,Get Out Your Handkerchiefs
1556831,160,1,Gormenghast
1927580,18,5,Immortal Beloved
1902838,90,1,The Lemon Drop Kid
1105029,18,5,Immortal Beloved
1461435,27,1,Sesame Street: Elmo's World: The Street We Live On
1166912,134,2,Spirit Lost
16272,45,2,The Love Letter
305344,1,1,Dinosaur Planet
798296,87,1,Louder Than Bombs
491531,125,4,Nighthawks
504620,54,1,We're Not Married
1806515,49,3,Devo: The Complete Truth About De-evolution
530789,111,5,Duplex (Widescreen)
1233297,156,2,Husbands and Wives
727242,167,1,The Chorus
1602153,104,4,The Great Race
2439493,154,1,Demon Warrior Koji
71594,152,3,A Little Princess
1298511,132,2,Lucio Fulci: The Beyond
1105029,148,1,Sweet November
2248080,126,3,Vampire Effect (aka Twins Effect)
1470123,79,2,The Killing
2118461,136,3,Cat and the Canary
1664010,80,4,Winter Kills
1602153,171,5,Funny Face
1461435,145,1,Get Out Your Handkerchiefs
71594,173,2,The Devil's Brigade
386947,104,2,The Great Race
595778,8,3,What the #$*! Do We Know!?
71594,15,3,Neil Diamond: Greatest Hits Live
2056022,169,2,Cartoon Network Halloween: 9 Creepy Cartoon Capers
1664010,128,5,Mr. Vampire
1403217,16,3,Screamers
2439493,135,1,GTO: Great Teacher Onizuka: Set 2
3321,76,4,I Love Lucy: Season 2
1903324,75,1,Grind
2119007,143,3,The Game
1932594,99,1,A Fishy Story
1792741,160,2,Gormenghast
2238060,35,5,Ferngully 2: The Magical Rescue
2315012,152,3,A Little Princess
1984086,44,3,Spitfire Grill
1061195,24,4,My Bloody Valentine
2237185,175,5,Reservoir Dogs
883478,38,1,Daydream Obsession
305344,96,2,Inside the Space Station
2237185,3,4,Character
2040859,36,1,Lady Chatterley
1792741,152,5,A Little Princess
147386,143,4,The Game
1300759,125,5,Nighthawks
1515355,33,5,Aqua Teen Hunger Force: Vol. 1
798296,150,1,Firetrap
1461435,163,1,MTV: Making the Band 2: Best of Season 1
1710658,168,3,Smokey and the Bandit Part 3
1110156,58,4,Dragonheart
2118461,129,4,Darkwolf
1806515,76,3,I Love Lucy: Season 2
2552319,113,2,Bruce Lee: A Warrior's Journey
636262,36,1,Lady Chatterley
1314869,26,4,Never Die Alone
1819462,108,1,Spartan
387418,163,1,MTV: Making the Band 2: Best of Season 1
722591,152,5,A Little Princess
507603,47,1,The Bad and the Beautiful
1650301,166,2,Fame
1300759,18,4,Immortal Beloved
2537543,84,1,The Powerpuff Girls Movie
1806515,168,2,Smokey and the Bandit Part 3
727242,143,3,The Game
2315012,174,1,Adam-12: Season 1
1927580,131,1,Arachnid
1984086,28,5,Lilo and Stitch
789014,28,3,Lilo and Stitch
447759,111,5,Duplex (Widescreen)
2584676,118,2,Rambo: First Blood Part II
2056022,78,2,Jingle All the Way
1166912,142,2,The Tricky Master
1663888,143,5,The Game
682963,8,3,What the #$*! Do We Know!?
818752,57,4,Richard III
682963,33,3,Aqua Teen Hunger Force: Vol. 1
2457095,21,1,Strange Relations
1639792,89,1,Chain of Command
1664010,2,4,Isle of Man TT 2004 Review
1272379,58,3,Dragonheart
1819462,104,2,The Great Race
2602249,110,3,Scandal
798296,156,4,Husbands and Wives
743633,32,5,ABC Primetime: Mel Gibson's The Passion of the Christ
1932594,25,3,Inspector Morse 31: Death Is Now My Neighbour
1664010,161,5,Ninotchka
684876,171,5,Funny Face
447759,24,5,My Bloody Valentine
1298511,113,5,Bruce Lee: A Warrior's Journey
2083367,88,3,Record of Lodoss War: Chronicles of the Heroic Knight
2143500,50,3,A Yank in the R.A.F.
798296,99,1,A Fishy Story
743633,29,4,Boycott
1707198,3,4,Character
1114324,122,2,Cube 2: Hypercube
789014,60,1,The Libertine
862596,28,1,Lilo and Stitch
2237185,46,3,Rudolph the Red-Nosed Reindeer
862596,108,3,Spartan
794999,148,5,Sweet November
2602249,83,3,Silkwood
319058,167,2,The Chorus
1028463,68,5,Invader Zim
2439493,153,1,MTV Yoga
2439493,14,1,Nature: Antarctica
1314869,135,4,GTO: Great Teacher Onizuka: Set 2
1563935,88,1,Record of Lodoss War: Chronicles of the Heroic Knight
1639792,137,1,Naked Lies
769702,15,1,Neil Diamond: Greatest Hits Live
2315012,117,1,Silk Stockings
636262,118,1,Rambo: First Blood Part II
2457095,28,2,Lilo and Stitch
2056022,75,2,Grind
1852040,152,3,A Little Princess
1061195,148,2,Sweet November
1110156,136,3,Cat and the Canary
722591,57,5,Richard III
503235,26,3,Never Die Alone
1664010,12,5,My Favorite Brunette
1061195,7,3,8 Man
1272379,77,1,Congo
727242,152,1,A Little Princess
2457095,83,2,Silkwood
743633,19,5,By Dawn's Early Light
1663888,162,3,John Cleese on How to Irritate People
682963,171,3,Funny Face
1902838,77,1,Congo
1984086,90,5,The Lemon Drop Kid
1902838,24,1,My Bloody Valentine
57633,73,3,Davy Crockett: 50th Anniversary Double Feature
1146000,166,4,Fame
769702,73,5,Davy Crockett: 50th Anniversary Double Feature
2118461,76,5,I Love Lucy: Season 2
769702,29,2,Boycott
862596,17,4,7 Seconds
2119007,118,5,Rambo: First Blood Part II
1932594,58,3,Dragonheart
1166912,50,2,A Yank in the R.A.F.
2083367,156,3,Husbands and Wives
1114324,42,1,Searching for Paradise
818752,166,2,Fame
1299887,127,2,Fatal Beauty
2439493,83,5,Silkwood
786312,145,3,Get Out Your Handkerchiefs
1461435,116,1,Bear Cub
1300759,58,4,Dragonheart
2602249,152,3,A Little Princess
2625420,63,2,Crash Dive
1664010,70,3,Tai Chi: The 24 Forms
1028463,76,5,I Love Lucy: Season 2
305344,172,1,Jack
1664010,134,3,Spirit Lost
2439493,40,1,Pitcher and the Pin-Up
798296,66,1,Barbarian Queen 2
57633,127,2,Fatal Beauty
636262,103,1,Sanford and Son: Season 6
818752,90,4,The Lemon Drop Kid
2237185,50,3,A Yank in the R.A.F.
2147527,78,3,Jingle All the Way
1663888,33,5,Aqua Teen Hunger Force: Vol. 1
1461435,46,1,Rudolph the Red-Nosed Reindeer
2439493,157,1,Laird: White Knuckle Extreme
1139570,118,3,Rambo: First Blood Part II
2552319,3,3,Character
789014,159,1,Gentlemen of Fortune
727242,171,1,Funny Face
447759,172,5,Jack
595778,55,2,Jade
1710658,110,3,Scandal
2248080,28,3,Lilo and Stitch
2457095,57,2,Richard III
1664010,131,5,Arachnid
2056022,123,3,Chain of Fools
1166912,9,3,Class of Nuke 'Em High 2
491531,122,3,Cube 2: Hypercube
1852040,143,1,The Game
2150746,39,1,Love Reinvented
2439493,130,1,Drowning on Dry Land
1935793,45,2,The Love Letter
2118461,100,3,Sam the Iron Bridge
16272,30,4,Something's Gotta Give
727242,148,1,Sweet November
1984086,143,3,The Game
1710658,66,2,Barbarian Queen 2
2297136,48,1,Justice League
1139570,30,4,Something's Gotta Give
305344,119,3,Travel the World by Train: Africa
2083367,43,3,Silent Service
402266,44,4,Spitfire Grill
2602249,17,3,7 Seconds
1819462,113,1,Bruce Lee: A Warrior's Journey
303948,171,4,Funny Face
1806515,65,1,Lost in the Pershing Point Hotel
2439493,126,1,Vampire Effect (aka Twins Effect)
2056022,85,3,Elfen Lied
1029163,54,3,We're Not Married
1300759,30,4,Something's Gotta Give
1227322,162,4,John Cleese on How to Irritate People
1037245,63,3,Crash Dive
2238060,29,4,Boycott
1664010,165,5,Richard Pryor: Live on the Sunset Strip
1876520,96,1,Inside the Space Station
1673185,24,2,My Bloody Valentine
769702,44,4,Spitfire Grill
1299887,18,4,Immortal Beloved
682963,97,3,Mostly Martha
727242,17,1,7 Seconds
184705,67,3,Vampire Journals
2297136,143,4,The Game
722591,107,4,Magnolia: Bonus Material
1166912,131,2,Arachnid
447759,26,5,Never Die Alone
2237185,171,4,Funny Face
1876520,31,1,Classic Albums: Meat Loaf: Bat Out of Hell
1033930,89,3,Chain of Command
2150746,118,2,Rambo: First Blood Part II
507094,88,4,Record of Lodoss War: Chronicles of the Heroic Knight
322009,58,3,Dragonheart
1664010,22,3,Chump Change
1037245,57,3,Richard III
636262,32,1,ABC Primetime: Mel Gibson's The Passion of the Christ
2248080,58,3,Dragonheart
1300759,90,5,The Lemon Drop Kid
1876520,24,1,My Bloody Valentine
1710658,138,5,Star Trek: Voyager: Season 1
716173,155,4,The Strongest Man in the World
862596,48,1,Justice League
303948,83,4,Silkwood
1470123,55,2,Jade
2083367,77,4,Congo
1663888,117,5,Silk Stockings
2606799,3,2,Character
1233297,107,4,Magnolia: Bonus Material
1784150,122,2,Cube 2: Hypercube
727242,125,2,Nighthawks
1771252,111,3,Duplex (Widescreen)
1932594,57,2,Richard III
2439493,47,1,The Bad and the Beautiful
2056022,156,2,Husbands and Wives
1037245,105,3,Obsessed
2537543,103,5,Sanford and Son: Season 6
2584676,30,5,Something's Gotta Give
2238060,30,5,Something's Gotta Give
2625420,88,2,Record of Lodoss War: Chronicles of the Heroic Knight
743633,28,5,Lilo and Stitch
1233297,77,3,Congo
1852040,97,1,Mostly Martha
1852040,3,2,Character
2291306,112,3,The Eye of Vichy
2439493,138,1,Star Trek: Voyager: Season 1
530789,175,4,Reservoir Dogs
305344,36,1,Lady Chatterley
305344,23,1,Clifford: Clifford Saves the Day! / Clifford's Fluffiest Friend Cleo
2552319,20,3,Seeta Aur Geeta
1556831,19,3,By Dawn's Early Light
2238060,118,5,Rambo: First Blood Part II
1461435,2,1,Isle of Man TT 2004 Review
722591,45,4,The Love Letter
2150746,167,5,The Chorus
507603,26,1,Never Die Alone
147386,127,4,Fatal Beauty
2602249,50,3,A Yank in the R.A.F.
57633,80,2,Winter Kills
883478,8,5,What the #$*! Do We Know!?
1902838,146,3,Cannibal Women in the Avocado Jungle of Death
386947,58,3,Dragonheart
503235,116,4,Bear Cub
908205,28,4,Lilo and Stitch
1932594,141,1,Goddess of Mercy
798296,23,1,Clifford: Clifford Saves the Day! / Clifford's Fluffiest Friend Cleo
3321,91,4,WWE: Royal Rumble 2005
2457095,118,4,Rambo: First Blood Part II
2062350,169,4,Cartoon Network Halloween: 9 Creepy Cartoon Capers
2118461,171,4,Funny Face
2083367,100,3,Sam the Iron Bridge
1357209,50,3,A Yank in the R.A.F.
2439493,24,1,My Bloody Valentine
1876520,50,2,A Yank in the R.A.F.
883478,133,4,Viva La Bam: Season 1
1852040,170,2,Tomorrow
1470123,5,4,The Rise and Fall of ECW
684876,155,5,The Strongest Man in the World
862596,91,1,WWE: Royal Rumble 2005
1673185,118,2,Rambo: First Blood Part II
798296,144,1,Deepak Chopra: The Way of the Wizard & Alchemy
1932594,86,1,Iron Monkey 2
908205,127,2,Fatal Beauty
908205,79,3,The Killing
1639792,101,1,Complete Shamanic Princess
1114324,77,3,Congo
1299887,161,4,Ninotchka
2118461,5,5,The Rise and Fall of ECW
794999,102,5,Notre Musique
647979,76,3,I Love Lucy: Season 2
952156,111,1,Duplex (Widescreen)
387418,121,1,Beyonce: Live at Wembley
387418,54,2,We're Not Married
716173,77,4,Congo
1806515,18,5,Immortal Beloved
1819462,3,1,Character
507603,109,1,No Way Back
1984086,156,3,Husbands and Wives
727242,109,1,No Way Back
1927580,55,2,Jade
818752,55,5,Jade
798296,111,3,Duplex (Widescreen)
1639792,36,1,Lady Chatterley
873713,5,1,The Rise and Fall of ECW
1110156,77,2,Congo
1110156,126,3,Vampire Effect (aka Twins Effect)
1028463,127,3,Fatal Beauty
2606799,152,5,A Little Princess
1602153,36,3,Lady Chatterley
1664010,20,4,Seeta Aur Geeta
303948,68,5,Invader Zim
1771252,127,3,Fatal Beauty
2147527,28,3,Lilo and Stitch
1029163,134,1,Spirit Lost
387418,134,1,Spirit Lost
1819462,168,3,Smokey and the Bandit Part 3
1563935,52,1,The Weather Underground
1612901,58,3,Dragonheart
1037245,25,3,Inspector Morse 31: Death Is Now My Neighbour
1556831,171,3,Funny Face
2056022,133,2,Viva La Bam: Season 1
2625420,25,2,Inspector Morse 31: Death Is Now My Neighbour
1509395,23,4,Clifford: Clifford Saves the Day! / Clifford's Fluffiest Friend Cleo
1852040,81,3,Antarctica: IMAX
1403217,129,2,Darkwolf
647979,58,2,Dragonheart
2248080,165,4,Richard Pryor: Live on the Sunset Strip
2056022,138,2,Star Trek: Voyager: Season 1
2602249,168,3,Smokey and the Bandit Part 3
1314869,13,5,Lord of the Rings: The Return of the King: Extended Edition: Bonus Material
1029163,46,2,Rudolph the Red-Nosed Reindeer
305344,11,1,Full Frame: Documentary Shorts
507603,154,1,Demon Warrior Koji
716173,44,5,Spitfire Grill
2625420,145,2,Get Out Your Handkerchiefs
2143500,108,3,Spartan
2062350,148,5,Sweet November
305344,131,1,Arachnid
2119007,109,1,No Way Back
507094,104,3,The Great Race
303948,74,2,6ixtynin9
2237185,143,4,The Game
184705,171,3,Funny Face
71594,12,3,My Favorite Brunette
504620,128,1,Mr. Vampire
1028463,104,5,The Great Race
1146000,12,3,My Favorite Brunette
2457095,3,1,Character
1114324,163,3,MTV: Making the Band 2: Best of Season 1
147386,26,3,Never Die Alone
873713,68,5,Invader Zim
743633,148,5,Sweet November
2606799,153,1,MTV Yoga
1771252,6,2,Sick
1403217,26,4,Never Die Alone
1037245,143,4,The Game
305344,137,1,Naked Lies
1771252,55,2,Jade
503235,58,3,Dragonheart
2584676,97,3,Mostly Martha
1298511,16,3,Screamers
2147527,173,2,The Devil's Brigade
16272,28,2,Lilo and Stitch
2083367,47,3,The Bad and the Beautiful
2606799,142,2,The Tricky Master
1227322,77,1,Congo
3321,16,3,Screamers
2439493,124,1,Cold Blooded
305344,42,1,Searching for Paradise
716173,47,5,The Bad and the Beautiful
1792741,46,5,Rudolph the Red-Nosed Reindeer
2056022,107,2,Magnolia: Bonus Material
305344,120,1,Plain Dirty
2439493,127,1,Fatal Beauty
387418,137,2,Naked Lies
818752,104,3,The Great Race
507094,28,4,Lilo and Stitch
722591,76,5,I Love Lucy: Season 2
952156,36,3,Lady Chatterley
305344,7,2,8 Man
74441,51,5,Jonah: A VeggieTales Movie: Bonus Material
1037245,29,3,Boycott
507603,92,1,ECW: Cyberslam '99
305344,2,1,Isle of Man TT 2004 Review
1037245,39,5,Love Reinvented
303948,33,4,Aqua Teen Hunger Force: Vol. 1
883478,161,2,Ninotchka
504620,167,2,The Chorus
2150746,55,4,Jade
491531,152,4,A Little Princess
507094,77,3,Congo
1707198,30,3,Something's Gotta Give
305344,136,3,Cat and the Canary
1227322,125,3,Nighthawks
1876520,150,1,Firetrap
530789,12,5,My Favorite Brunette
1710658,155,3,The Strongest Man in the World
2238060,84,5,The Powerpuff Girls Movie
722591,143,4,The Game
1001129,148,3,Sweet November
1110156,78,3,Jingle All the Way
2118461,89,4,Chain of Command
727242,175,3,Reservoir Dogs
1902838,47,3,The Bad and the Beautiful
1984086,89,2,Chain of Command
684876,83,3,Silkwood
1806515,82,3,The Frogmen
322009,174,3,Adam-12: Season 1
16272,167,3,The Chorus
2147527,152,3,A Little Princess
2584676,89,1,Chain of Command
1663888,156,4,Husbands and Wives
1233297,136,2,Cat and the Canary
1784150,83,1,Silkwood
595778,165,3,Richard Pryor: Live on the Sunset Strip
2256485,10,1,Fighter
402266,18,3,Immortal Beloved
769702,101,2,Complete Shamanic Princess
2439493,4,1,Paula Abdul's Get Up & Dance
722591,83,5,Silkwood
1105029,26,2,Never Die Alone
1028463,148,3,Sweet November
402266,58,4,Dragonheart
1664010,137,3,Naked Lies
1673185,148,2,Sweet November
525356,52,5,The Weather Underground
71594,110,2,Scandal
722591,35,4,Ferngully 2: The Magical Rescue
1299887,128,5,Mr. Vampire
2457095,73,2,Davy Crockett: 50th Anniversary Double Feature
2147527,171,1,Funny Face
1771252,46,2,Rudolph the Red-Nosed Reindeer
1028463,16,5,Screamers
2256485,157,1,Laird: White Knuckle Extreme
1110156,165,4,Richard Pryor: Live on the Sunset Strip
2439493,139,1,Allergies: A Natural Approach
1710658,174,3,Adam-12: Season 1
1927580,30,2,Something's Gotta Give
1001129,56,2,Carandiru
2291306,1,1,Dinosaur Planet
794999,8,5,What the #$*! Do We Know!?
305344,24,1,My Bloody Valentine
1299887,8,3,What the #$*! Do We Know!?
2439493,150,1,Firetrap
1977959,143,3,The Game
2150746,56,3,Carandiru
74441,83,4,Silkwood
184705,129,3,Darkwolf
862596,21,3,Strange Relations
873713,111,4,Duplex (Widescreen)
1927580,168,1,Smokey and the Bandit Part 3
2537543,143,5,The Game
636262,27,4,Sesame Street: Elmo's World: The Street We Live On
447759,66,5,Barbarian Queen 2
1114324,30,4,Something's Gotta Give
1932594,87,1,Louder Than Bombs
682963,90,4,The Lemon Drop Kid
1935793,47,1,The Bad and the Beautiful
1792741,143,3,The Game
507094,57,4,Richard III
1166912,83,3,Silkwood
2291306,48,1,Justice League
1146000,173,2,The Devil's Brigade
402266,156,2,Husbands and Wives
1663888,18,3,Immortal Beloved
794999,99,5,A Fishy Story
491531,106,1,Stevie Ray Vaughan and Double Trouble: Live at Montreux 1982 & 1985
2118461,101,5,Complete Shamanic Princess
716173,8,3,What the #$*! Do We Know!?
319058,111,3,Duplex (Widescreen)
1602153,165,4,Richard Pryor: Live on the Sunset Strip
2439493,61,1,Ricky Martin: One Night Only
1105029,172,3,Jack
2315012,161,1,Ninotchka
387418,128,3,Mr. Vampire
752642,31,3,Classic Albums: Meat Loaf: Bat Out of Hell
2256485,62,1,Ken Burns' America: Empire of the Air
2056022,26,3,Never Die Alone
2625420,141,2,Goddess of Mercy
1139570,138,4,Star Trek: Voyager: Season 1
1707198,45,3,The Love Letter
1663888,173,3,The Devil's Brigade
3321,8,1,What the #$*! Do We Know!?
2143500,58,3,Dragonheart
1037245,111,4,Duplex (Widescreen)
789014,153,1,MTV Yoga
1852040,104,3,The Great Race
1461435,92,1,ECW: Cyberslam '99
303948,172,3,Jack
2315012,84,1,The Powerpuff Girls Movie
1314869,8,2,What the #$*! Do We Know!?
1461435,71,1,Maya Lin: A Strong Clear Vision
862596,146,3,Cannibal Women in the Avocado Jungle of Death
1029163,47,3,The Bad and the Beautiful
1639792,58,1,Dragonheart
2625420,143,5,The Game
1639792,31,1,Classic Albums: Meat Loaf: Bat Out of Hell
305344,64,1,Outside the Law
1612901,28,4,Lilo and Stitch
2237185,67,2,Vampire Journals
402266,118,2,Rambo: First Blood Part II
2297136,169,1,Cartoon Network Halloween: 9 Creepy Cartoon Capers
1935793,20,1,Seeta Aur Geeta
1314869,122,3,Cube 2: Hypercube
1806515,143,2,The Game
2457095,125,3,Nighthawks
2439493,117,1,Silk Stockings
1515355,5,5,The Rise and Fall of ECW
2056022,55,3,Jade
1515355,58,5,Dragonheart
743633,35,5,Ferngully 2: The Magical Rescue
818752,71,3,Maya Lin: A Strong Clear Vision
1001129,80,2,Winter Kills
2457095,166,3,Fame
1139570,18,2,Immortal Beloved
752642,95,1,Dona Herlinda and Her Son
684876,138,5,Star Trek: Voyager: Season 1
2147527,170,1,Tomorrow
1819462,22,1,Chump Change
2625420,160,2,Gormenghast
303948,18,4,Immortal Beloved
1932594,120,2,Plain Dirty
507603,122,1,Cube 2: Hypercube
1602153,18,4,Immortal Beloved
1664010,99,3,A Fishy Story
2439493,172,1,Jack
319058,90,2,The Lemon Drop Kid
2118461,79,4,The Killing
530789,155,4,The Strongest Man in the World
786312,110,3,Scandal
1033930,35,4,Ferngully 2: The Magical Rescue
1663888,95,3,Dona Herlinda and Her Son
2602249,18,2,Immortal Beloved
2256485,151,1,Sleepover Nightmare
798296,118,1,Rambo: First Blood Part II
504620,145,1,Get Out Your Handkerchiefs
1029163,48,1,Justice League
1639792,165,1,Richard Pryor: Live on the Sunset Strip
1300759,127,3,Fatal Beauty
491531,126,1,Vampire Effect (aka Twins Effect)
305344,100,2,Sam the Iron Bridge
2634967,39,1,Love Reinvented
238740,167,4,The Chorus
682963,30,4,Something's Gotta Give
1001129,109,2,No Way Back
530789,122,2,Cube 2: Hypercube
1852040,79,2,The Killing
1028463,47,1,The Bad and the Beautiful
1001129,8,3,What the #$*! Do We Know!?
1029163,142,1,The Tricky Master
1664010,162,4,John Cleese on How to Irritate People
1114324,149,3,The Edward R. Murrow Collection
238740,58,4,Dragonheart
883478,152,4,A Little Princess
1664010,158,3,A Killer Within
238740,44,4,Spitfire Grill
1470123,81,3,Antarctica: IMAX
1001129,106,2,Stevie Ray Vaughan and Double Trouble: Live at Montreux 1982 & 1985
752642,79,3,The Killing
1299887,156,3,Husbands and Wives
1664010,42,3,Searching for Paradise
2147527,133,2,Viva La Bam: Season 1
2256485,150,3,Firetrap
2602249,104,3,The Great Race
3321,77,4,Congo
1977959,109,3,No Way Back
2083367,118,5,Rambo: First Blood Part II
2457095,16,4,Screamers
387418,69,1,WWE: Armageddon 2003
595778,35,1,Ferngully 2: The Magical Rescue
727242,76,1,I Love Lucy: Season 2
525356,150,2,Firetrap
1664010,133,5,Viva La Bam: Season 1
305344,72,4,Unknown
1852040,173,3,The Devil's Brigade
682963,173,4,The Devil's Brigade
1509395,8,1,What the #$*! Do We Know!?
2056022,71,2,Maya Lin: A Strong Clear Vision
1650301,5,2,The Rise and Fall of ECW
798296,7,1,8 Man
1473980,109,3,No Way Back
1556831,110,3,Scandal
1664010,49,4,Devo: The Complete Truth About De-evolution
647979,44,4,Spitfire Grill
2150746,83,3,Silkwood
752642,100,1,Sam the Iron Bridge
503235,156,3,Husbands and Wives
1664010,172,3,Jack
636262,170,1,Tomorrow
525356,76,1,I Love Lucy: Season 2
636262,152,1,A Little Princess
1110156,110,3,Scandal
818752,18,5,Immortal Beloved
2150746,168,1,Smokey and the Bandit Part 3
1110156,132,2,Lucio Fulci: The Beyond
303948,126,3,Vampire Effect (aka Twins Effect)
2439493,50,1,A Yank in the R.A.F.
1639792,12,1,My Favorite Brunette
16272,173,3,The Devil's Brigade
752642,18,4,Immortal Beloved
1461435,6,1,Sick
530789,171,5,Funny Face
798296,117,4,Silk Stockings
1932594,62,3,Ken Burns' America: Empire of the Air
1515355,30,5,Something's Gotta Give
2439493,37,1,Zatoichi's Conspiracy
1461435,117,1,Silk Stockings
1403217,33,5,Aqua Teen Hunger Force: Vol. 1
16272,4,2,Paula Abdul's Get Up & Dance
1819462,162,3,John Cleese on How to Irritate People
1932594,95,2,Dona Herlinda and Her Son
1509395,118,3,Rambo: First Blood Part II
873713,129,3,Darkwolf
1707198,77,2,Congo
2457095,92,1,ECW: Cyberslam '99
1515355,167,4,The Chorus
305344,152,2,A Little Princess
303948,108,4,Spartan
1932594,110,3,Scandal
1300759,168,3,Smokey and the Bandit Part 3
1784150,52,2,The Weather Underground
1903324,6,1,Sick
447759,122,5,Cube 2: Hypercube
1663888,104,4,The Great Race
1461435,48,1,Justice League
862596,167,1,The Chorus
1639792,80,1,Winter Kills
1650301,26,2,Never Die Alone
2238060,57,5,Richard III
1403217,47,1,The Bad and the Beautiful
1664010,147,3,Where Sleeping Dogs Lie
1314869,82,1,The Frogmen
2056022,114,2,Dominion Tank Police Part 1 & 2
1298511,55,3,Jade
818752,171,5,Funny Face
387418,67,2,Vampire Journals
1037245,108,3,Spartan
1806515,1,3,Dinosaur Planet
2256485,37,1,Zatoichi's Conspiracy
1977959,30,2,Something's Gotta Give
1932594,97,1,Mostly Martha
789014,148,3,Sweet November
2606799,26,4,Never Die Alone
2602249,57,3,Richard III
1029163,12,3,My Favorite Brunette
2439493,102,1,Notre Musique
2439493,169,1,Cartoon Network Halloween: 9 Creepy Cartoon Capers
184705,125,3,Nighthawks
1114324,147,1,Where Sleeping Dogs Lie
319058,158,1,A Killer Within
1639792,83,3,Silkwood
1612901,76,5,I Love Lucy: Season 2
1146000,18,3,Immortal Beloved
1298511,45,2,The Love Letter
1792741,122,1,Cube 2: Hypercube
2537543,8,1,What the #$*! Do We Know!?
2062350,46,5,Rudolph the Red-Nosed Reindeer
305344,34,1,Ashtanga Yoga: Beginner's Practice with Nicki Doane
1299887,152,5,A Little Princess
2584676,28,4,Lilo and Stitch
952156,25,3,Inspector Morse 31: Death Is Now My Neighbour
387418,152,2,A Little Princess
752642,12,3,My Favorite Brunette
1114324,78,3,Jingle All the Way
507603,36,1,Lady Chatterley
1473980,143,4,The Game
789014,78,4,Jingle All the Way
636262,48,4,Justice League
1784150,32,1,ABC Primetime: Mel Gibson's The Passion of the Christ
2297136,28,5,Lilo and Stitch
2040859,160,1,Gormenghast
743633,166,5,Fame
305344,90,1,The Lemon Drop Kid
2439493,48,1,Justice League
873713,8,3,What the #$*! Do We Know!?
1110156,44,3,Spitfire Grill
1664010,33,5,Aqua Teen Hunger Force: Vol. 1
1061195,171,4,Funny Face
2625420,142,2,The Tricky Master
1461435,24,1,My Bloody Valentine
322009,111,4,Duplex (Widescreen)
1146000,152,4,A Little Princess
2150746,117,4,Silk Stockings
2040859,20,1,Seeta Aur Geeta
387418,56,2,Carandiru
1272379,48,4,Justice League
303948,138,4,Star Trek: Voyager: Season 1
1602153,24,3,My Bloody Valentine
2118461,7,3,8 Man
1300759,108,3,Spartan
387418,70,1,Tai Chi: The 24 Forms
305344,163,2,MTV: Making the Band 2: Best of Season 1
447759,152,5,A Little Princess
1984086,12,5,My Favorite Brunette
305344,91,1,WWE: Royal Rumble 2005
684876,111,1,Duplex (Widescreen)
2056022,36,2,Lady Chatterley
2606799,156,2,Husbands and Wives
2606799,17,3,7 Seconds
507603,12,1,My Favorite Brunette
2143500,30,3,Something's Gotta Give
1876520,19,1,By Dawn's Early Light
873713,48,5,Justice League
386947,30,4,Something's Gotta Give
1473980,36,3,Lady Chatterley
1227322,8,5,What the #$*! Do We Know!?
684876,165,1,Richard Pryor: Live on the Sunset Strip
1707198,171,3,Funny Face
2256485,125,3,Nighthawks
1061195,122,4,Cube 2: Hypercube
722591,25,5,Inspector Morse 31: Death Is Now My Neighbour
1139570,58,3,Dragonheart
727242,11,1,Full Frame: Documentary Shorts
752642,76,2,I Love Lucy: Season 2
387418,147,2,Where Sleeping Dogs Lie
1932594,77,2,Congo
2237185,79,4,The Killing
2083367,86,3,Iron Monkey 2
305344,147,4,Where Sleeping Dogs Lie
305344,140,1,Lost in the Wild
727242,5,1,The Rise and Fall of ECW
1061195,35,3,Ferngully 2: The Magical Rescue
1977959,45,3,The Love Letter
1299887,118,3,Rambo: First Blood Part II
504620,8,1,What the #$*! Do We Know!?
1819462,101,1,Complete Shamanic Princess
387418,23,2,Clifford: Clifford Saves the Day! / Clifford's Fluffiest Friend Cleo
303948,90,4,The Lemon Drop Kid
1784150,91,1,WWE: Royal Rumble 2005
74441,3,4,Character
491531,100,2,Sam the Iron Bridge
2606799,27,3,Sesame Street: Elmo's World: The Street We Live On
1461435,80,1,Winter Kills
2237185,18,4,Immortal Beloved
2238060,156,3,Husbands and Wives
1033930,104,3,The Great Race
2147527,19,2,By Dawn's Early Light
507094,58,2,Dragonheart
2056022,57,2,Richard III
2552319,96,3,Inside the Space Station
2439493,8,1,What the #$*! Do We Know!?
1932594,172,1,Jack
322009,105,3,Obsessed
2238060,16,2,Screamers
2256485,122,3,Cube 2: Hypercube
2315012,168,4,Smokey and the Bandit Part 3
2040859,169,1,Cartoon Network Halloween: 9 Creepy Cartoon Capers
1639792,81,3,Antarctica: IMAX
2083367,127,3,Fatal Beauty
1403217,160,2,Gormenghast
2248080,24,3,My Bloody Valentine
1639792,143,1,The Game
2606799,25,3,Inspector Morse 31: Death Is Now My Neighbour
2537543,166,3,Fame
1710658,162,3,John Cleese on How to Irritate People
1114324,67,3,Vampire Journals
1298511,157,2,Laird: White Knuckle Extreme
684876,152,3,A Little Princess
1664010,174,4,Adam-12: Season 1
2143500,45,2,The Love Letter
1001129,37,2,Zatoichi's Conspiracy
305344,133,1,Viva La Bam: Season 1
305344,138,1,Star Trek: Voyager: Season 1
147386,55,1,Jade
2143500,12,3,My Favorite Brunette
1771252,78,2,Jingle All the Way
1932594,123,3,Chain of Fools
2634967,45,1,The Love Letter
2291306,83,1,Silkwood
1227322,161,1,Ninotchka
1146000,113,1,Bruce Lee: A Warrior's Journey
636262,5,1,The Rise and Fall of ECW
530789,30,5,Something's Gotta Give
1673185,166,3,Fame
1806515,90,3,The Lemon Drop Kid
1299887,33,5,Aqua Teen Hunger Force: Vol. 1
2118461,130,3,Drowning on Dry Land
1771252,175,3,Reservoir Dogs
1272379,142,1,The Tricky Master
2143500,24,2,My Bloody Valentine
1403217,107,4,Magnolia: Bonus Material
16272,132,3,Lucio Fulci: The Beyond
752642,163,1,MTV: Making the Band 2: Best of Season 1
303948,58,4,Dragonheart
2291306,108,2,Spartan
491531,134,2,Spirit Lost
752642,50,2,A Yank in the R.A.F.
1227322,89,1,Chain of Command
727242,108,1,Spartan
1227322,78,1,Jingle All the Way
1105029,165,5,Richard Pryor: Live on the Sunset Strip
387418,63,1,Crash Dive
2119007,108,3,Spartan
305344,14,1,Nature: Antarctica
883478,23,5,Clifford: Clifford Saves the Day! / Clifford's Fluffiest Friend Cleo
3321,150,2,Firetrap
1707198,52,4,The Weather Underground
1664010,120,4,Plain Dirty
322009,156,3,Husbands and Wives
2315012,171,4,Funny Face
595778,155,5,The Strongest Man in the World
2537543,58,5,Dragonheart
2439493,89,1,Chain of Command
1927580,62,3,Ken Burns' America: Empire of the Air
1932594,41,1,Horror Vision
716173,143,5,The Game
1710658,114,4,Dominion Tank Police Part 1 & 2
752642,77,2,Congo
3321,127,1,Fatal Beauty
387418,166,2,Fame
1932594,15,3,Neil Diamond: Greatest Hits Live
305344,139,2,Allergies: A Natural Approach
743633,77,5,Congo
1299887,126,4,Vampire Effect (aka Twins Effect)
722591,27,5,Sesame Street: Elmo's World: The Street We Live On
1556831,50,3,A Yank in the R.A.F.
2150746,156,2,Husbands and Wives
752642,138,3,Star Trek: Voyager: Season 1
525356,72,4,Unknown
1001129,14,2,Nature: Antarctica
2056022,28,4,Lilo and Stitch
908205,118,4,Rambo: First Blood Part II
2625420,7,2,8 Man
1403217,67,2,Vampire Journals
1852040,109,3,No Way Back
2439493,99,1,A Fishy Story
798296,114,1,Dominion Tank Police Part 1 & 2
883478,126,1,Vampire Effect (aka Twins Effect)
1227322,143,2,The Game
2439493,165,1,Richard Pryor: Live on the Sunset Strip
1935793,3,1,Character
147386,17,2,7 Seconds
305344,153,4,MTV Yoga
1314869,67,4,Vampire Journals
2118461,119,3,Travel the World by Train: Africa
1639792,3,1,Character
1300759,57,4,Richard III
716173,165,5,Richard Pryor: Live on the Sunset Strip
2083367,50,3,A Yank in the R.A.F.
507094,61,3,Ricky Martin: One Night Only
818752,143,3,The Game
2118461,165,4,Richard Pryor: Live on the Sunset Strip
1227322,144,3,Deepak Chopra: The Way of the Wizard & Alchemy
1707198,110,3,Scandal
2439493,104,1,The Great Race
1612901,156,4,Husbands and Wives
491531,18,4,Immortal Beloved
1114324,44,3,Spitfire Grill
1403217,125,2,Nighthawks
1233297,110,3,Scandal
1710658,148,3,Sweet November
2147527,35,3,Ferngully 2: The Magical Rescue
743633,76,5,I Love Lucy: Season 2
2606799,40,2,Pitcher and the Pin-Up
1852040,84,1,The Powerpuff Girls Movie
2584676,72,1,Unknown
1314869,88,4,Record of Lodoss War: Chronicles of the Heroic Knight
2439493,77,1,Congo
716173,148,4,Sweet November
2606799,23,2,Clifford: Clifford Saves the Day! / Clifford's Fluffiest Friend Cleo
1819462,153,1,MTV Yoga
147386,84,3,The Powerpuff Girls Movie
3321,5,4,The Rise and Fall of ECW
908205,175,5,Reservoir Dogs
1784150,77,4,Congo
1473980,165,5,Richard Pryor: Live on the Sunset Strip
1556831,79,3,The Killing
1664010,86,2,Iron Monkey 2
1563935,60,1,The Libertine
147386,118,3,Rambo: First Blood Part II
1299887,132,5,Lucio Fulci: The Beyond
2315012,28,1,Lilo and Stitch
387418,110,2,Scandal
1105029,31,1,Classic Albums: Meat Loaf: Bat Out of Hell
2256485,129,3,Darkwolf
16272,143,4,The Game
525356,16,3,Screamers
504620,35,5,Ferngully 2: The Magical Rescue
387418,136,3,Cat and the Canary
491531,111,2,Duplex (Widescreen)
2291306,156,1,Husbands and Wives
818752,75,2,Grind
387418,132,1,Lucio Fulci: The Beyond
2118461,120,3,Plain Dirty
1650301,138,3,Star Trek: Voyager: Season 1
1664010,166,5,Fame
794999,173,5,The Devil's Brigade
727242,58,1,Dragonheart
2439493,21,1,Strange Relations
2315012,138,1,Star Trek: Voyager: Season 1
507603,90,1,The Lemon Drop Kid
684876,77,5,Congo
1299887,63,4,Crash Dive
1233297,52,3,The Weather Underground
2118461,162,4,John Cleese on How to Irritate People
1664010,113,5,Bruce Lee: A Warrior's Journey
1650301,114,1,Dominion Tank Police Part 1 & 2
2062350,15,5,Neil Diamond: Greatest Hits Live
507603,117,1,Silk Stockings
303948,143,5,The Game
1903324,55,1,Jade
1784150,111,3,Duplex (Widescreen)
387418,122,2,Cube 2: Hypercube
794999,39,5,Love Reinvented
1563935,139,1,Allergies: A Natural Approach
74441,46,5,Rudolph the Red-Nosed Reindeer
1602153,166,4,Fame
504620,33,5,Aqua Teen Hunger Force: Vol. 1
1110156,48,4,Justice League
16272,78,2,Jingle All the Way
1470123,167,3,The Chorus
1509395,166,4,Fame
1663888,115,3,Lord Peter Wimsey: Murder Must Advertise
1314869,166,2,Fame
1314869,103,3,Sanford and Son: Season 6
2118461,128,5,Mr. Vampire
2150746,116,4,Bear Cub
147386,78,4,Jingle All the Way
2238060,17,4,7 Seconds
491531,90,2,The Lemon Drop Kid
1272379,118,1,Rambo: First Blood Part II
2238060,89,2,Chain of Command
319058,45,3,The Love Letter
1227322,18,2,Immortal Beloved
387418,157,2,Laird: White Knuckle Extreme
1357209,82,3,The Frogmen
2237185,166,3,Fame
769702,103,4,Sanford and Son: Season 6
1819462,118,4,Rambo: First Blood Part II
2537543,1,5,Dinosaur Planet
238740,156,3,Husbands and Wives
2439493,70,1,Tai Chi: The 24 Forms
2552319,108,2,Spartan
1509395,30,5,Something's Gotta Give
1806515,169,4,Cartoon Network Halloween: 9 Creepy Cartoon Capers
530789,97,5,Mostly Martha
1932594,9,2,Class of Nuke 'Em High 2
1461435,127,1,Fatal Beauty
1314869,16,4,Screamers
794999,170,5,Tomorrow
387418,92,1,ECW: Cyberslam '99
1932594,166,2,Fame
1771252,58,3,Dragonheart
387418,55,2,Jade
402266,125,3,Nighthawks
1932594,136,2,Cat and the Canary
1227322,93,1,They Came Back
2083367,64,3,Outside the Law
402266,126,3,Vampire Effect (aka Twins Effect)
2625420,138,2,Star Trek: Voyager: Season 1
2237185,49,3,Devo: The Complete Truth About De-evolution
1663888,54,3,We're Not Married
1902838,67,3,Vampire Journals
1639792,142,1,The Tricky Master
184705,152,3,A Little Princess
2602249,173,3,The Devil's Brigade
2118461,113,5,Bruce Lee: A Warrior's Journey
1563935,114,1,Dominion Tank Police Part 1 & 2
1819462,96,3,Inside the Space Station
1935793,18,3,Immortal Beloved
2118461,151,2,Sleepover Nightmare
1639792,132,1,Lucio Fulci: The Beyond
1710658,28,4,Lilo and Stitch
2147527,30,4,Something's Gotta Give
1710658,89,2,Chain of Command
57633,44,2,Spitfire Grill
1673185,79,3,The Killing
147386,104,4,The Great Race
794999,101,5,Complete Shamanic Princess
2457095,76,2,I Love Lucy: Season 2
789014,44,2,Spitfire Grill
16272,134,2,Spirit Lost
2315012,18,5,Immortal Beloved
2118461,45,4,The Love Letter
1806515,109,3,No Way Back
16272,1,4,Dinosaur Planet
2606799,102,2,Notre Musique
1061195,166,3,Fame
2552319,37,2,Zatoichi's Conspiracy
1314869,116,2,Bear Cub
716173,33,3,Aqua Teen Hunger Force: Vol. 1
387418,85,1,Elfen Lied
2537543,48,5,Justice League
1515355,152,5,A Little Princess
752642,132,1,Lucio Fulci: The Beyond
2256485,17,3,7 Seconds
1139570,83,3,Silkwood
16272,174,3,Adam-12: Season 1
682963,113,3,Bruce Lee: A Warrior's Journey
1299887,83,4,Silkwood
1001129,175,2,Reservoir Dogs
1061195,150,2,Firetrap
16272,126,2,Vampire Effect (aka Twins Effect)
595778,148,1,Sweet November
1612901,166,4,Fame
1473980,33,1,Aqua Teen Hunger Force: Vol. 1
2537543,122,1,Cube 2: Hypercube
2256485,118,4,Rambo: First Blood Part II
727242,8,1,What the #$*! Do We Know!?
2297136,23,1,Clifford: Clifford Saves the Day! / Clifford's Fluffiest Friend Cleo
1166912,24,2,My Bloody Valentine
2297136,122,2,Cube 2: Hypercube
530789,104,5,The Great Race
769702,152,4,A Little Princess
1515355,14,3,Nature: Antarctica
387418,127,3,Fatal Beauty
794999,88,5,Record of Lodoss War: Chronicles of the Heroic Knight
507603,95,1,Dona Herlinda and Her Son
2552319,18,1,Immortal Beloved
1110156,114,3,Dominion Tank Police Part 1 & 2
2625420,73,2,Davy Crockett: 50th Anniversary Double Feature
1357209,63,4,Crash Dive
2118461,1,5,Dinosaur Planet
1852040,117,3,Silk Stockings
1819462,143,2,The Game
507603,144,1,Deepak Chopra: The Way of the Wizard & Alchemy
1298511,46,5,Rudolph the Red-Nosed Reindeer
2237185,77,2,Congo
1461435,172,1,Jack
2056022,53,2,The Bonesetter
2291306,122,1,Cube 2: Hypercube
1876520,104,2,The Great Race
507603,45,1,The Love Letter
818752,148,3,Sweet November
2439493,7,1,8 Man
1902838,19,1,By Dawn's Early Light
798296,89,1,Chain of Command
530789,161,5,Ninotchka
952156,167,4,The Chorus
387418,24,3,My Bloody Valentine
2537543,113,5,Bruce Lee: A Warrior's Journey
1515355,111,5,Duplex (Widescreen)
786312,57,3,Richard III
2439493,76,2,I Love Lucy: Season 2
1357209,66,3,Barbarian Queen 2
387418,151,1,Sleepover Nightmare
2119007,152,3,A Little Princess
303948,67,2,Vampire Journals
1470123,152,1,A Little Princess
1673185,111,3,Duplex (Widescreen)
2457095,48,1,Justice League
1114324,99,1,A Fishy Story
1227322,16,1,Screamers
238740,166,4,Fame
387418,77,1,Congo
2439493,103,1,Sanford and Son: Season 6
794999,158,5,A Killer Within
16272,125,4,Nighthawks
2147527,31,2,Classic Albums: Meat Loaf: Bat Out of Hell
2291306,104,4,The Great Race
1139570,171,3,Funny Face
322009,55,3,Jade
387418,72,4,Unknown
752642,55,2,Jade
1935793,36,1,Lady Chatterley
1650301,58,3,Dragonheart
525356,62,4,Ken Burns' America: Empire of the Air
1664010,61,3,Ricky Martin: One Night Only
2291306,115,1,Lord Peter Wimsey: Murder Must Advertise
1876520,47,1,The Bad and the Beautiful
2056022,14,2,Nature: Antarctica
1110156,24,2,My Bloody Valentine
2118461,71,5,Maya Lin: A Strong Clear Vision
2118461,33,5,Aqua Teen Hunger Force: Vol. 1
1771252,166,3,Fame
798296,72,1,Unknown
1299887,173,3,The Devil's Brigade
1299887,79,5,The Killing
2118461,150,4,Firetrap
1461435,39,1,Love Reinvented
1061195,84,4,The Powerpuff Girls Movie
2602249,166,3,Fame
305344,93,1,They Came Back
1233297,47,4,The Bad and the Beautiful
1663888,44,3,Spitfire Grill
1792741,129,1,Darkwolf
1233297,30,3,Something's Gotta Give
387418,81,1,Antarctica: IMAX
507094,125,4,Nighthawks
1298511,72,2,Unknown
491531,29,3,Boycott
1792741,114,1,Dominion Tank Police Part 1 & 2
1470123,52,3,The Weather Underground
2457095,55,4,Jade
530789,113,4,Bruce Lee: A Warrior's Journey
1139570,55,3,Jade
1299887,50,3,A Yank in the R.A.F.
1563935,113,1,Bruce Lee: A Warrior's Journey
491531,17,5,7 Seconds
1932594,56,1,Carandiru
862596,123,3,Chain of Fools
1664010,69,4,WWE: Armageddon 2003
1664010,100,3,Sam the Iron Bridge
1403217,108,3,Spartan
507603,101,1,Complete Shamanic Princess
1784150,129,2,Darkwolf
386947,148,3,Sweet November
305344,160,2,Gormenghast
1663888,106,3,Stevie Ray Vaughan and Double Trouble: Live at Montreux 1982 & 1985
1927580,160,2,Gormenghast
2056022,60,2,The Libertine
1784150,148,3,Sweet November
507603,33,2,Aqua Teen Hunger Force: Vol. 1
2062350,28,5,Lilo and Stitch
1664010,115,5,Lord Peter Wimsey: Murder Must Advertise
387418,158,1,A Killer Within
1314869,53,3,The Bonesetter
1664010,91,5,WWE: Royal Rumble 2005
1114324,5,4,The Rise and Fall of ECW
2297136,91,1,WWE: Royal Rumble 2005
636262,83,1,Silkwood
798296,159,2,Gentlemen of Fortune
727242,36,1,Lady Chatterley
727242,122,1,Cube 2: Hypercube
2634967,28,3,Lilo and Stitch
530789,76,5,I Love Lucy: Season 2
1932594,82,2,The Frogmen
636262,28,5,Lilo and Stitch
1556831,33,1,Aqua Teen Hunger Force: Vol. 1
2439493,131,2,Arachnid
1984086,109,5,No Way Back
1227322,40,1,Pitcher and the Pin-Up
2291306,30,1,Something's Gotta Give
507603,91,1,WWE: Royal Rumble 2005
1473980,55,3,Jade
2439493,73,3,Davy Crockett: 50th Anniversary Double Feature
1977959,16,4,Screamers
57633,136,3,Cat and the Canary
1664010,72,3,Unknown
184705,122,4,Cube 2: Hypercube
2297136,47,1,The Bad and the Beautiful
16272,111,3,Duplex (Widescreen)
2150746,37,4,Zatoichi's Conspiracy
1403217,89,1,Chain of Command
504620,168,5,Smokey and the Bandit Part 3
1650301,3,2,Character
1001129,89,2,Chain of Command
1602153,111,3,Duplex (Widescreen)
322009,148,3,Sweet November
2439493,107,1,Magnolia: Bonus Material
1612901,48,4,Justice League
818752,47,2,The Bad and the Beautiful
2237185,47,3,The Bad and the Beautiful
238740,79,4,The Killing
305344,65,1,Lost in the Pershing Point Hotel
2040859,155,1,The Strongest Man in the World
1806515,173,3,The Devil's Brigade
387418,76,2,I Love Lucy: Season 2
1403217,17,1,7 Seconds
794999,152,5,A Little Princess
1852040,48,2,Justice League
1663888,130,2,Drowning on Dry Land
525356,49,2,Devo: The Complete Truth About De-evolution
794999,91,5,WWE: Royal Rumble 2005
769702,30,4,Something's Gotta Give
1664010,38,4,Daydream Obsession
1927580,73,3,Davy Crockett: 50th Anniversary Double Feature
1639792,104,1,The Great Race
1461435,152,1,A Little Princess
525356,132,1,Lucio Fulci: The Beyond
647979,47,5,The Bad and the Beautiful
1984086,18,2,Immortal Beloved
1028463,97,2,Mostly Martha
387418,161,1,Ninotchka
1707198,83,3,Silkwood
507603,48,5,Justice League
387418,159,4,Gentlemen of Fortune
2439493,35,1,Ferngully 2: The Magical Rescue
2118461,108,3,Spartan
305344,66,3,Barbarian Queen 2
387418,43,1,Silent Service
786312,62,3,Ken Burns' America: Empire of the Air
1935793,143,3,The Game
684876,78,3,Jingle All the Way
1166912,84,1,The Powerpuff Girls Movie
1663888,119,4,Travel the World by Train: Africa
716173,128,4,Mr. Vampire
1784150,17,5,7 Seconds
2602249,30,3,Something's Gotta Give
2625420,28,2,Lilo and Stitch
3321,83,3,Silkwood
387418,170,2,Tomorrow
1664010,10,4,Fighter
2537543,173,4,The Devil's Brigade
1001129,73,2,Davy Crockett: 50th Anniversary Double Feature
2040859,24,1,My Bloody Valentine
305344,55,3,Jade
684876,117,4,Silk Stockings
2625420,99,1,A Fishy Story
2625420,106,2,Stevie Ray Vaughan and Double Trouble: Live at Montreux 1982 & 1985
1001129,163,2,MTV: Making the Band 2: Best of Season 1
504620,1,2,Dinosaur Planet
2056022,32,3,ABC Primetime: Mel Gibson's The Passion of the Christ
2062350,175,3,Reservoir Dogs
530789,81,5,Antarctica: IMAX
1314869,5,1,The Rise and Fall of ECW
716173,111,4,Duplex (Widescreen)
727242,3,1,Character
305344,43,1,Silent Service
1001129,25,2,Inspector Morse 31: Death Is Now My Neighbour
1784150,155,3,The Strongest Man in the World
305344,37,1,Zatoichi's Conspiracy
387418,118,1,Rambo: First Blood Part II
1639792,11,1,Full Frame: Documentary Shorts
873713,77,3,Congo
1876520,57,3,Richard III
1639792,24,1,My Bloody Valentine
2083367,89,3,Chain of Command
2118461,127,5,Fatal Beauty
387418,34,1,Ashtanga Yoga: Beginner's Practice with Nicki Doane
305344,141,1,Goddess of Mercy
2439493,84,1,The Powerpuff Girls Movie
2083367,173,3,The Devil's Brigade
595778,44,1,Spitfire Grill
2291306,87,3,Louder Than Bombs
2083367,83,3,Silkwood
1403217,79,2,The Killing
682963,111,4,Duplex (Widescreen)
1602153,118,3,Rambo: First Blood Part II
2119007,92,5,ECW: Cyberslam '99
2147527,115,2,Lord Peter Wimsey: Murder Must Advertise
1784150,92,2,ECW: Cyberslam '99
1110156,118,3,Rambo: First Blood Part II
952156,97,4,Mostly Martha
2634967,148,3,Sweet November
1473980,148,5,Sweet November
1403217,3,2,Character
1357209,58,3,Dragonheart
507094,54,3,We're Not Married
3321,79,1,The Killing
1673185,174,3,Adam-12: Season 1
1403217,58,3,Dragonheart
57633,95,2,Dona Herlinda and Her Son
1473980,122,3,Cube 2: Hypercube
1650301,50,1,A Yank in the R.A.F.
2552319,152,4,A Little Princess
1473980,174,1,Adam-12: Season 1
752642,91,1,WWE: Royal Rumble 2005
525356,173,4,The Devil's Brigade
2147527,138,1,Star Trek: Voyager: Season 1
798296,24,1,My Bloody Valentine
1903324,71,1,Maya Lin: A Strong Clear Vision
2237185,122,3,Cube 2: Hypercube
504620,152,1,A Little Princess
1029163,30,3,Something's Gotta Give
387418,19,2,By Dawn's Early Light
647979,138,4,Star Trek: Voyager: Season 1
794999,97,5,Mostly Martha
387418,36,1,Lady Chatterley
2150746,111,1,Duplex (Widescreen)
1819462,160,1,Gormenghast
2118461,47,4,The Bad and the Beautiful
2237185,108,4,Spartan
504620,151,1,Sleepover Nightmare
1806515,155,3,The Strongest Man in the World
1639792,10,1,Fighter
1902838,79,3,The Killing
1977959,104,3,The Great Race
873713,67,1,Vampire Journals
1664010,83,5,Silkwood
743633,58,5,Dragonheart
1556831,118,3,Rambo: First Blood Part II
507603,111,1,Duplex (Widescreen)
716173,123,3,Chain of Fools
727242,113,1,Bruce Lee: A Warrior's Journey
1932594,90,3,The Lemon Drop Kid
2143500,55,3,Jade
2040859,38,1,Daydream Obsession
1819462,149,2,The Edward R. Murrow Collection
883478,84,4,The Powerpuff Girls Movie
1639792,173,1,The Devil's Brigade
525356,71,4,Maya Lin: A Strong Clear Vision
525356,101,2,Complete Shamanic Princess
873713,29,1,Boycott
2439493,43,1,Silent Service
1977959,127,3,Fatal Beauty
1146000,50,3,A Yank in the R.A.F.
2238060,47,5,The Bad and the Beautiful
1105029,28,5,Lilo and Stitch
1001129,16,2,Screamers
1461435,5,1,The Rise and Fall of ECW
1299887,12,4,My Favorite Brunette
507094,48,4,Justice League
305344,30,1,Something's Gotta Give
2256485,16,2,Screamers
491531,79,3,The Killing
2118461,26,4,Never Die Alone
491531,105,3,Obsessed
1707198,143,3,The Game
1663888,111,3,Duplex (Widescreen)
2118461,145,4,Get Out Your Handkerchiefs
322009,45,3,The Love Letter
147386,110,4,Scandal
1403217,172,2,Jack
1556831,58,3,Dragonheart
752642,90,2,The Lemon Drop Kid
1037245,82,3,The Frogmen
447759,143,5,The Game
2118461,166,5,Fame
1357209,137,3,Naked Lies
2602249,111,3,Duplex (Widescreen)
1272379,3,1,Character
789014,3,1,Character
2118461,27,5,Sesame Street: Elmo's World: The Street We Live On
1461435,83,3,Silkwood
1903324,129,1,Darkwolf
507094,27,4,Sesame Street: Elmo's World: The Street We Live On
57633,82,3,The Frogmen
883478,108,2,Spartan
1852040,71,1,Maya Lin: A Strong Clear Vision
1664010,119,3,Travel the World by Train: Africa
1227322,126,1,Vampire Effect (aka Twins Effect)
3321,118,4,Rambo: First Blood Part II
525356,97,2,Mostly Martha
402266,138,5,Star Trek: Voyager: Season 1
71594,29,2,Boycott
1461435,69,1,WWE: Armageddon 2003
1673185,104,3,The Great Race
1139570,76,3,I Love Lucy: Season 2
1105029,167,5,The Chorus
1932594,39,1,Love Reinvented
2118461,133,5,Viva La Bam: Season 1
305344,118,2,Rambo: First Blood Part II
1001129,36,2,Lady Chatterley
319058,133,1,Viva La Bam: Season 1
1461435,147,1,Where Sleeping Dogs Lie
1932594,17,3,7 Seconds
1166912,115,2,Lord Peter Wimsey: Murder Must Advertise
2118461,84,5,The Powerpuff Girls Movie
1272379,95,2,Dona Herlinda and Her Son
1710658,169,2,Cartoon Network Halloween: 9 Creepy Cartoon Capers
1029163,31,2,Classic Albums: Meat Loaf: Bat Out of Hell
1902838,171,1,Funny Face
1819462,138,1,Star Trek: Voyager: Season 1
491531,132,1,Lucio Fulci: The Beyond
2315012,45,2,The Love Letter
883478,77,3,Congo
2315012,164,1,One Last Dance
1001129,91,3,WWE: Royal Rumble 2005
769702,79,2,The Killing
238740,155,3,The Strongest Man in the World
305344,47,2,The Bad and the Beautiful
769702,104,3,The Great Race
2056022,110,2,Scandal
387418,61,2,Ricky Martin: One Night Only
1650301,135,2,GTO: Great Teacher Onizuka: Set 2
2439493,87,1,Louder Than Bombs
2457095,145,1,Get Out Your Handkerchiefs
1876520,134,1,Spirit Lost
636262,1,1,Dinosaur Planet
1663888,24,2,My Bloody Valentine
16272,58,4,Dragonheart
1639792,117,1,Silk Stockings
1784150,166,1,Fame
743633,96,4,Inside the Space Station
2248080,138,4,Star Trek: Voyager: Season 1
1932594,165,3,Richard Pryor: Live on the Sunset Strip
525356,166,2,Fame
727242,32,1,ABC Primetime: Mel Gibson's The Passion of the Christ
2315012,108,2,Spartan
238740,73,3,Davy Crockett: 50th Anniversary Double Feature
238740,47,4,The Bad and the Beautiful
2056022,131,2,Arachnid
1927580,58,1,Dragonheart
1563935,101,1,Complete Shamanic Princess
2552319,62,2,Ken Burns' America: Empire of the Air
1139570,143,4,The Game
387418,120,1,Plain Dirty
525356,102,1,Notre Musique
2238060,33,5,Aqua Teen Hunger Force: Vol. 1
1977959,47,3,The Bad and the Beautiful
769702,173,3,The Devil's Brigade
2056022,163,2,MTV: Making the Band 2: Best of Season 1
1932594,105,3,Obsessed
818752,97,2,Mostly Martha
1403217,8,5,What the #$*! Do We Know!?
386947,166,4,Fame
1806515,2,3,Isle of Man TT 2004 Review
2118461,20,4,Seeta Aur Geeta
2439493,38,1,Daydream Obsession
1664010,136,3,Cat and the Canary
1029163,171,2,Funny Face
57633,161,5,Ninotchka
1300759,74,4,6ixtynin9
1707198,10,3,Fighter
769702,33,1,Aqua Teen Hunger Force: Vol. 1
1272379,76,4,I Love Lucy: Season 2
2062350,143,5,The Game
2606799,58,5,Dragonheart
1710658,16,2,Screamers
1664010,53,2,The Bonesetter
1357209,129,3,Darkwolf
716173,90,5,The Lemon Drop Kid
386947,156,2,Husbands and Wives
491531,48,1,Justice League
2118461,104,4,The Great Race
862596,8,1,What the #$*! Do We Know!?
1935793,29,1,Boycott
1461435,41,1,Horror Vision
2118461,155,5,The Strongest Man in the World
305344,151,1,Sleepover Nightmare
1935793,57,1,Richard III
2118461,174,5,Adam-12: Season 1
682963,106,3,Stevie Ray Vaughan and Double Trouble: Live at Montreux 1982 & 1985
1819462,30,3,Something's Gotta Give
2439493,56,1,Carandiru
507094,66,3,Barbarian Queen 2
1673185,15,3,Neil Diamond: Greatest Hits Live
2606799,118,5,Rambo: First Blood Part II
2062350,111,3,Duplex (Widescreen)
2143500,83,3,Silkwood
2237185,78,2,Jingle All the Way
1806515,55,1,Jade
305344,171,2,Funny Face
1664010,108,4,Spartan
491531,146,3,Cannibal Women in the Avocado Jungle of Death
1061195,156,4,Husbands and Wives
818752,109,3,No Way Back
1932594,144,2,Deepak Chopra: The Way of the Wizard & Alchemy
1977959,54,3,We're Not Married
2056022,137,2,Naked Lies
1146000,78,1,Jingle All the Way
305344,44,1,Spitfire Grill
491531,7,5,8 Man
1314869,114,5,Dominion Tank Police Part 1 & 2
2119007,131,3,Arachnid
1663888,82,3,The Frogmen
1771252,156,2,Husbands and Wives
752642,58,2,Dragonheart
16272,90,2,The Lemon Drop Kid
1664010,156,5,Husbands and Wives
2439493,63,1,Crash Dive
507603,160,1,Gormenghast
3321,160,1,Gormenghast
908205,156,2,Husbands and Wives
1227322,1,4,Dinosaur Planet
1563935,70,1,Tai Chi: The 24 Forms
491531,44,5,Spitfire Grill
1314869,132,5,Lucio Fulci: The Beyond
238740,90,2,The Lemon Drop Kid
1563935,93,1,They Came Back
1061195,16,5,Screamers
1935793,133,1,Viva La Bam: Season 1
1314869,111,3,Duplex (Widescreen)
303948,57,3,Richard III
2552319,155,3,The Strongest Man in the World
3321,125,2,Nighthawks
1314869,28,4,Lilo and Stitch
1710658,48,4,Justice League
184705,118,3,Rambo: First Blood Part II
798296,56,4,Carandiru
1852040,74,1,6ixtynin9
1037245,150,3,Firetrap
2552319,143,3,The Game
798296,134,1,Spirit Lost
769702,94,1,G3: Live in Concert
2237185,155,4,The Strongest Man in the World
1110156,129,1,Darkwolf
2056022,118,4,Rambo: First Blood Part II
2083367,126,3,Vampire Effect (aka Twins Effect)
1114324,120,1,Plain Dirty
319058,170,2,Tomorrow
2056022,19,2,By Dawn's Early Light
2606799,35,3,Ferngully 2: The Magical Rescue
2625420,37,2,Zatoichi's Conspiracy
387418,117,1,Silk Stockings
1001129,44,3,Spitfire Grill
507603,94,1,G3: Live in Concert
1227322,97,3,Mostly Martha
2040859,25,1,Inspector Morse 31: Death Is Now My Neighbour
1664010,126,5,Vampire Effect (aka Twins Effect)
1602153,122,2,Cube 2: Hypercube
1852040,129,1,Darkwolf
1663888,46,3,Rudolph the Red-Nosed Reindeer
305344,150,1,Firetrap
2297136,111,1,Duplex (Widescreen)
1563935,81,1,Antarctica: IMAX
447759,28,5,Lilo and Stitch
1037245,50,3,A Yank in the R.A.F.
1673185,127,2,Fatal Beauty
2457095,113,3,Bruce Lee: A Warrior's Journey
2634967,100,1,Sam the Iron Bridge
1298511,47,2,The Bad and the Beautiful
303948,88,5,Record of Lodoss War: Chronicles of the Heroic Knight
1784150,26,3,Never Die Alone
2118461,110,4,Scandal
507603,103,1,Sanford and Son: Season 6
1146000,58,2,Dragonheart
789014,89,1,Chain of Command
873713,33,5,Aqua Teen Hunger Force: Vol. 1
2118461,146,3,Cannibal Women in the Avocado Jungle of Death
1612901,160,3,Gormenghast
2457095,77,5,Congo
2439493,36,1,Lady Chatterley
1298511,61,1,Ricky Martin: One Night Only
503235,8,4,What the #$*! Do We Know!?
1663888,47,5,The Bad and the Beautiful
1001129,21,2,Strange Relations
1612901,67,3,Vampire Journals
1227322,46,2,Rudolph the Red-Nosed Reindeer
1357209,26,3,Never Die Alone
595778,77,5,Congo
2439493,174,1,Adam-12: Season 1
1146000,57,3,Richard III
2147527,5,1,The Rise and Fall of ECW
752642,7,1,8 Man
752642,160,1,Gormenghast
1314869,110,3,Scandal
2147527,148,4,Sweet November
2256485,145,1,Get Out Your Handkerchiefs
727242,97,1,Mostly Martha
507094,108,4,Spartan
1639792,64,1,Outside the Law
873713,24,1,My Bloody Valentine
2062350,58,2,Dragonheart
1935793,161,3,Ninotchka
1876520,72,1,Unknown
2606799,168,5,Smokey and the Bandit Part 3
1139570,77,3,Congo
2119007,125,2,Nighthawks
2256485,15,1,Neil Diamond: Greatest Hits Live
1473980,105,4,Obsessed
798296,79,4,The Killing
525356,26,3,Never Die Alone
530789,143,2,The Game
1105029,30,4,Something's Gotta Give
2119007,145,1,Get Out Your Handkerchiefs
386947,118,3,Rambo: First Blood Part II
71594,58,4,Dragonheart
184705,166,3,Fame
1673185,171,3,Funny Face
1852040,42,2,Searching for Paradise
752642,118,1,Rambo: First Blood Part II
2625420,166,3,Fame
71594,24,3,My Bloody Valentine
503235,56,4,Carandiru
2150746,97,4,Mostly Martha
2062350,118,2,Rambo: First Blood Part II
2291306,118,1,Rambo: First Blood Part II
786312,167,5,The Chorus
722591,122,5,Cube 2: Hypercube
1710658,88,4,Record of Lodoss War: Chronicles of the Heroic Knight
184705,110,3,Scandal
1927580,166,2,Fame
2147527,32,5,ABC Primetime: Mel Gibson's The Passion of the Christ
147386,168,3,Smokey and the Bandit Part 3
2537543,127,1,Fatal Beauty
2248080,41,2,Horror Vision
1639792,122,1,Cube 2: Hypercube
595778,50,3,A Yank in the R.A.F.
647979,80,2,Winter Kills
1001129,120,2,Plain Dirty
2291306,113,2,Bruce Lee: A Warrior's Journey
818752,3,4,Character
1902838,107,4,Magnolia: Bonus Material
1473980,84,3,The Powerpuff Girls Movie
525356,74,3,6ixtynin9
1819462,125,3,Nighthawks
684876,143,3,The Game
2439493,28,1,Lilo and Stitch
647979,37,5,Zatoichi's Conspiracy
147386,173,4,The Devil's Brigade
2537543,150,1,Firetrap
2119007,77,5,Congo
794999,84,5,The Powerpuff Girls Movie
716173,152,5,A Little Princess
818752,79,2,The Killing
491531,160,5,Gormenghast
1710658,152,3,A Little Princess
2083367,131,3,Arachnid
1314869,35,4,Ferngully 2: The Magical Rescue
1663888,16,3,Screamers
743633,118,4,Rambo: First Blood Part II
2147527,153,2,MTV Yoga
1470123,111,3,Duplex (Widescreen)
1473980,45,3,The Love Letter
1001129,52,2,The Weather Underground
2439493,72,1,Unknown
2537543,30,4,Something's Gotta Give
2606799,76,3,I Love Lucy: Season 2
2143500,42,3,Searching for Paradise
1233297,90,3,The Lemon Drop Kid
2147527,3,1,Character
74441,125,3,Nighthawks
752642,142,2,The Tricky Master
2119007,166,4,Fame
752642,157,1,Laird: White Knuckle Extreme
525356,115,1,Lord Peter Wimsey: Murder Must Advertise
2248080,17,3,7 Seconds
2634967,171,4,Funny Face
1473980,58,5,Dragonheart
305344,164,1,One Last Dance
1784150,48,4,Justice League
952156,156,2,Husbands and Wives
2606799,48,4,Justice League
873713,131,3,Arachnid
1470123,28,1,Lilo and Stitch
682963,18,3,Immortal Beloved
2083367,111,4,Duplex (Widescreen)
525356,6,1,Sick
491531,148,2,Sweet November
1227322,82,1,The Frogmen
1061195,44,5,Spitfire Grill
1139570,175,3,Reservoir Dogs
2457095,173,3,The Devil's Brigade
1612901,73,4,Davy Crockett: 50th Anniversary Double Feature
2537543,97,1,Mostly Martha
1461435,34,1,Ashtanga Yoga: Beginner's Practice with Nicki Doane
1806515,73,3,Davy Crockett: 50th Anniversary Double Feature
1001129,105,2,Obsessed
1300759,55,3,Jade
507094,106,4,Stevie Ray Vaughan and Double Trouble: Live at Montreux 1982 & 1985
305344,19,1,By Dawn's Early Light
525356,125,4,Nighthawks
2439493,62,1,Ken Burns' America: Empire of the Air
503235,30,3,Something's Gotta Give
530789,110,3,Scandal
1784150,89,3,Chain of Command
2439493,19,1,By Dawn's Early Light
447759,110,5,Scandal
1903324,57,1,Richard III
794999,145,5,Get Out Your Handkerchiefs
682963,157,3,Laird: White Knuckle Extreme
1710658,143,3,The Game
1903324,131,1,Arachnid
716173,49,4,Devo: The Complete Truth About De-evolution
2062350,73,5,Davy Crockett: 50th Anniversary Double Feature
883478,24,2,My Bloody Valentine
491531,171,3,Funny Face
1028463,30,5,Something's Gotta Give
1473980,152,4,A Little Princess
2439493,142,1,The Tricky Master
74441,52,4,The Weather Underground
1664010,73,5,Davy Crockett: 50th Anniversary Double Feature
595778,168,3,Smokey and the Bandit Part 3
1639792,160,1,Gormenghast
1029163,110,1,Scandal
1664010,6,4,Sick
1114324,75,3,Grind
402266,109,3,No Way Back
1639792,166,2,Fame
2118461,32,5,ABC Primetime: Mel Gibson's The Passion of the Christ
57633,108,3,Spartan
952156,76,4,I Love Lucy: Season 2
2457095,152,2,A Little Princess
1876520,12,1,My Favorite Brunette
57633,29,2,Boycott
1806515,105,2,Obsessed
2439493,140,1,Lost in the Wild
1792741,171,3,Funny Face
1461435,90,1,The Lemon Drop Kid
862596,171,1,Funny Face
1664010,143,5,The Game
786312,97,3,Mostly Martha
387418,173,1,The Devil's Brigade
786312,30,2,Something's Gotta Give
1515355,76,5,I Love Lucy: Season 2
2256485,143,3,The Game
1819462,155,1,The Strongest Man in the World
57633,166,4,Fame
2439493,53,1,The Bonesetter
387418,167,1,The Chorus
2439493,118,1,Rambo: First Blood Part II
2457095,104,3,The Great Race
1673185,113,3,Bruce Lee: A Warrior's Journey
1663888,122,1,Cube 2: Hypercube
862596,30,3,Something's Gotta Give
1806515,138,3,Star Trek: Voyager: Season 1
1707198,165,3,Richard Pryor: Live on the Sunset Strip
1300759,89,3,Chain of Command
1114324,169,4,Cartoon Network Halloween: 9 Creepy Cartoon Capers
322009,30,5,Something's Gotta Give
2237185,104,3,The Great Race
1771252,165,3,Richard Pryor: Live on the Sunset Strip
1037245,128,3,Mr. Vampire
2297136,167,1,The Chorus
1984086,118,3,Rambo: First Blood Part II
2606799,135,2,GTO: Great Teacher Onizuka: Set 2
1114324,113,3,Bruce Lee: A Warrior's Journey
3321,143,3,The Game
1639792,46,1,Rudolph the Red-Nosed Reindeer
1314869,45,3,The Love Letter
1663888,10,3,Fighter
1114324,84,3,The Powerpuff Girls Movie
1932594,118,1,Rambo: First Blood Part II
2118461,83,4,Silkwood
1233297,29,4,Boycott
752642,122,1,Cube 2: Hypercube
1473980,91,3,WWE: Royal Rumble 2005
322009,77,3,Congo
2297136,70,1,Tai Chi: The 24 Forms
503235,110,4,Scandal
1114324,9,1,Class of Nuke 'Em High 2
1563935,49,1,Devo: The Complete Truth About De-evolution
3321,55,3,Jade
1314869,172,2,Jack
952156,152,3,A Little Princess
1029163,29,2,Boycott
387418,115,2,Lord Peter Wimsey: Murder Must Advertise
1852040,10,2,Fighter
1403217,24,3,My Bloody Valentine
1556831,133,1,Viva La Bam: Season 1
952156,58,3,Dragonheart
1403217,118,3,Rambo: First Blood Part II
1105029,35,2,Ferngully 2: The Magical Rescue
147386,171,4,Funny Face
2040859,133,1,Viva La Bam: Season 1
1932594,83,4,Silkwood
1935793,81,3,Antarctica: IMAX
1314869,154,4,Demon Warrior Koji
1639792,55,1,Jade
2606799,77,2,Congo
636262,76,1,I Love Lucy: Season 2
2147527,163,2,MTV: Making the Band 2: Best of Season 1
789014,118,3,Rambo: First Blood Part II
595778,58,4,Dragonheart
595778,23,3,Clifford: Clifford Saves the Day! / Clifford's Fluffiest Friend Cleo
303948,99,3,A Fishy Story
2625420,74,2,6ixtynin9
74441,79,5,The Killing
636262,2,1,Isle of Man TT 2004 Review
1819462,58,2,Dragonheart
1852040,50,1,A Yank in the R.A.F.
1227322,102,1,Notre Musique
789014,10,1,Fighter
1806515,77,2,Congo
722591,28,5,Lilo and Stitch
1114324,129,3,Darkwolf
862596,152,1,A Little Princess
387418,145,3,Get Out Your Handkerchiefs
2625420,38,4,Daydream Obsession
1461435,33,1,Aqua Teen Hunger Force: Vol. 1
789014,136,1,Cat and the Canary
1033930,58,4,Dragonheart
1932594,19,4,By Dawn's Early Light
2537543,29,5,Boycott
2118461,82,3,The Frogmen
1470123,18,5,Immortal Beloved
387418,71,3,Maya Lin: A Strong Clear Vision
303948,44,4,Spitfire Grill
1639792,110,1,Scandal
1166912,80,2,Winter Kills
2439493,1,1,Dinosaur Planet
684876,76,5,I Love Lucy: Season 2
2083367,152,4,A Little Princess
1473980,129,4,Darkwolf
595778,127,1,Fatal Beauty
1639792,156,3,Husbands and Wives
305344,46,1,Rudolph the Red-Nosed Reindeer
1403217,36,2,Lady Chatterley
74441,77,1,Congo
147386,83,5,Silkwood
1227322,57,1,Richard III
1903324,84,1,The Powerpuff Girls Movie
1509395,27,4,Sesame Street: Elmo's World: The Street We Live On
1664010,74,4,6ixtynin9
2315012,30,5,Something's Gotta Give
1033930,118,3,Rambo: First Blood Part II
1792741,167,3,The Chorus
491531,60,1,The Libertine
2439493,41,1,Horror Vision
57633,55,2,Jade
1166912,125,3,Nighthawks
1357209,17,3,7 Seconds
1461435,28,1,Lilo and Stitch
682963,160,3,Gormenghast
1105029,84,2,The Powerpuff Girls Movie
2040859,27,1,Sesame Street: Elmo's World: The Street We Live On
1771252,83,3,Silkwood
2238060,171,5,Funny Face
507603,55,1,Jade
1650301,68,3,Invader Zim
2315012,167,2,The Chorus
1639792,118,1,Rambo: First Blood Part II
305344,77,2,Congo
1977959,173,3,The Devil's Brigade
1663888,168,3,Smokey and the Bandit Part 3
2143500,28,2,Lilo and Stitch
1639792,119,1,Travel the World by Train: Africa
1114324,32,2,ABC Primetime: Mel Gibson's The Passion of the Christ
1272379,143,3,The Game
1556831,147,2,Where Sleeping Dogs Lie
1166912,19,3,By Dawn's Early Light
57633,104,2,The Great Race
794999,77,5,Congo
2237185,146,3,Cannibal Women in the Avocado Jungle of Death
387418,130,1,Drowning on Dry Land
1033930,111,3,Duplex (Widescreen)
786312,148,1,Sweet November
71594,75,1,Grind
2143500,54,3,We're Not Married
1028463,23,5,Clifford: Clifford Saves the Day! / Clifford's Fluffiest Friend Cleo
1299887,20,5,Seeta Aur Geeta
883478,148,2,Sweet November
1114324,121,2,Beyonce: Live at Wembley
789014,15,2,Neil Diamond: Greatest Hits Live
1509395,165,3,Richard Pryor: Live on the Sunset Strip
2143500,125,3,Nighthawks
16272,17,3,7 Seconds
684876,58,5,Dragonheart
1300759,3,4,Character
2315012,172,1,Jack
2056022,64,2,Outside the Law
1819462,48,3,Justice League
2457095,171,3,Funny Face
647979,156,3,Husbands and Wives
2062350,96,3,Inside the Space Station
1602153,47,3,The Bad and the Beautiful
1771252,30,4,Something's Gotta Give
1903324,167,1,The Chorus
1984086,19,4,By Dawn's Early Light
1710658,7,3,8 Man
2083367,78,4,Jingle All the Way
387418,133,1,Viva La Bam: Season 1
1300759,104,4,The Great Race
722591,153,4,MTV Yoga
2056022,20,2,Seeta Aur Geeta
2118461,92,5,ECW: Cyberslam '99
1061195,21,1,Strange Relations
1932594,148,3,Sweet November
1114324,102,1,Notre Musique
1792741,77,2,Congo
3321,167,2,The Chorus
2040859,139,1,Allergies: A Natural Approach
2291306,107,1,Magnolia: Bonus Material
2147527,71,2,Maya Lin: A Strong Clear Vision
1664010,106,5,Stevie Ray Vaughan and Double Trouble: Live at Montreux 1982 & 1985
1033930,78,4,Jingle All the Way
595778,111,3,Duplex (Widescreen)
798296,16,1,Screamers
2606799,28,5,Lilo and Stitch
1984086,58,5,Dragonheart
2537543,16,1,Screamers
1563935,97,1,Mostly Martha
1852040,122,1,Cube 2: Hypercube
636262,155,1,The Strongest Man in the World
1105029,33,2,Aqua Teen Hunger Force: Vol. 1
387418,141,1,Goddess of Mercy
1977959,77,4,Congo
1403217,144,1,Deepak Chopra: The Way of the Wizard & Alchemy
530789,44,5,Spitfire Grill
1819462,71,1,Maya Lin: A Strong Clear Vision
2238060,165,5,Richard Pryor: Live on the Sunset Strip
3321,162,2,John Cleese on How to Irritate People
1461435,94,1,G3: Live in Concert
595778,73,3,Davy Crockett: 50th Anniversary Double Feature
752642,117,3,Silk Stockings
752642,171,3,Funny Face
1461435,35,1,Ferngully 2: The Magical Rescue
908205,108,4,Spartan
684876,148,4,Sweet November
1639792,45,1,The Love Letter
2584676,83,2,Silkwood
2634967,95,1,Dona Herlinda and Her Son
1663888,108,3,Spartan
1114324,148,3,Sweet November
1673185,47,3,The Bad and the Beautiful
387418,28,1,Lilo and Stitch
1639792,75,1,Grind
2062350,83,1,Silkwood
1876520,95,2,Dona Herlinda and Her Son
3321,155,3,The Strongest Man in the World
507603,39,1,Love Reinvented
2040859,96,1,Inside the Space Station
1664010,28,5,Lilo and Stitch
1037245,122,3,Cube 2: Hypercube
1903324,21,1,Strange Relations
1105029,8,2,What the #$*! Do We Know!?
1061195,50,3,A Yank in the R.A.F.
57633,61,3,Ricky Martin: One Night Only
2083367,29,3,Boycott
2238060,23,5,Clifford: Clifford Saves the Day! / Clifford's Fluffiest Friend Cleo
1461435,124,1,Cold Blooded
2625420,59,2,Sex and the Beauties
387418,6,2,Sick
1105029,166,5,Fame
387418,114,1,Dominion Tank Police Part 1 & 2
1233297,161,3,Ninotchka
1710658,113,3,Bruce Lee: A Warrior's Journey
722591,23,5,Clifford: Clifford Saves the Day! / Clifford's Fluffiest Friend Cleo
1029163,28,2,Lilo and Stitch
1272379,46,2,Rudolph the Red-Nosed Reindeer
743633,156,3,Husbands and Wives
682963,19,3,By Dawn's Early Light
2083367,157,3,Laird: White Knuckle Extreme
1299887,166,3,Fame
1977959,152,4,A Little Princess
322009,129,2,Darkwolf
2439493,109,1,No Way Back
2056022,103,3,Sanford and Son: Season 6
74441,147,2,Where Sleeping Dogs Lie
1602153,89,3,Chain of Command
387418,57,1,Richard III
1876520,83,2,Silkwood
2634967,165,1,Richard Pryor: Live on the Sunset Strip
1792741,24,1,My Bloody Valentine
447759,118,5,Rambo: First Blood Part II
1227322,173,2,The Devil's Brigade
1001129,24,3,My Bloody Valentine
1639792,147,1,Where Sleeping Dogs Lie
387418,139,2,Allergies: A Natural Approach
2062350,76,5,I Love Lucy: Season 2
74441,118,1,Rambo: First Blood Part II
447759,109,5,No Way Back
2118461,66,3,Barbarian Queen 2
1664010,123,3,Chain of Fools
1028463,123,5,Chain of Fools
2056022,44,2,Spitfire Grill
386947,127,3,Fatal Beauty
2118461,29,4,Boycott
798296,19,1,By Dawn's Early Light
798296,46,3,Rudolph the Red-Nosed Reindeer
1935793,88,1,Record of Lodoss War: Chronicles of the Heroic Knight
238740,82,2,The Frogmen
530789,58,5,Dragonheart
1227322,85,1,Elfen Lied
387418,62,3,Ken Burns' America: Empire of the Air
303948,76,4,I Love Lucy: Season 2
525356,58,2,Dragonheart
1663888,50,3,A Yank in the R.A.F.
818752,30,5,Something's Gotta Give
1927580,171,3,Funny Face
387418,66,2,Barbarian Queen 2
1515355,155,3,The Strongest Man in the World
2439493,137,1,Naked Lies
1663888,161,5,Ninotchka
2150746,174,3,Adam-12: Season 1
2537543,28,1,Lilo and Stitch
2119007,23,3,Clifford: Clifford Saves the Day! / Clifford's Fluffiest Friend Cleo
2625420,71,2,Maya Lin: A Strong Clear Vision
2118461,164,3,One Last Dance
1984086,104,4,The Great Race
862596,168,2,Smokey and the Bandit Part 3
1663888,48,1,Justice League
16272,152,2,A Little Princess
1650301,173,1,The Devil's Brigade
57633,110,3,Scandal
1563935,32,3,ABC Primetime: Mel Gibson's The Passion of the Christ
2118461,55,5,Jade
503235,171,2,Funny Face
798296,41,1,Horror Vision
71594,122,4,Cube 2: Hypercube
1771252,155,4,The Strongest Man in the World
57633,168,1,Smokey and the Bandit Part 3
322009,57,3,Richard III
1105029,152,5,A Little Princess
1932594,30,5,Something's Gotta Give
1903324,30,4,Something's Gotta Give
503235,44,3,Spitfire Grill
1298511,96,3,Inside the Space Station
2248080,18,2,Immortal Beloved
2118461,88,4,Record of Lodoss War: Chronicles of the Heroic Knight
1314869,133,2,Viva La Bam: Season 1
1300759,50,4,A Yank in the R.A.F.
682963,166,3,Fame
1602153,152,3,A Little Princess
682963,79,3,The Killing
2439493,108,1,Spartan
1110156,111,3,Duplex (Widescreen)
1784150,157,3,Laird: White Knuckle Extreme
2118461,44,4,Spitfire Grill
1028463,26,3,Never Die Alone
507603,138,3,Star Trek: Voyager: Season 1
2083367,101,3,Complete Shamanic Princess
2150746,28,2,Lilo and Stitch
305344,94,4,G3: Live in Concert
1227322,35,1,Ferngully 2: The Magical Rescue
716173,30,5,Something's Gotta Give
147386,44,3,Spitfire Grill
1298511,19,3,By Dawn's Early Light
636262,33,1,Aqua Teen Hunger Force: Vol. 1
1612901,33,1,Aqua Teen Hunger Force: Vol. 1
1114324,171,3,Funny Face
752642,110,3,Scandal
2118461,73,4,Davy Crockett: 50th Anniversary Double Feature
1299887,145,3,Get Out Your Handkerchiefs
387418,93,1,They Came Back
1314869,3,2,Character
322009,143,4,The Game
2256485,58,3,Dragonheart
1061195,111,3,Duplex (Widescreen)
1033930,173,4,The Devil's Brigade
1114324,97,1,Mostly Martha
1639792,88,1,Record of Lodoss War: Chronicles of the Heroic Knight
1233297,166,3,Fame
2118461,114,4,Dominion Tank Police Part 1 & 2
2606799,32,5,ABC Primetime: Mel Gibson's The Passion of the Christ
2083367,134,3,Spirit Lost
647979,117,4,Silk Stockings
789014,125,2,Nighthawks
2606799,162,1,John Cleese on How to Irritate People
786312,83,4,Silkwood
2634967,114,1,Dominion Tank Police Part 1 & 2
1673185,30,3,Something's Gotta Give
504620,32,2,ABC Primetime: Mel Gibson's The Passion of the Christ
1673185,8,2,What the #$*! Do We Know!?
1299887,108,3,Spartan
147386,175,4,Reservoir Dogs
1166912,66,2,Barbarian Queen 2
3321,73,4,Davy Crockett: 50th Anniversary Double Feature
1166912,108,3,Spartan
2062350,173,5,The Devil's Brigade
2291306,62,2,Ken Burns' America: Empire of the Air
57633,109,2,No Way Back
71594,47,4,The Bad and the Beautiful
1028463,138,5,Star Trek: Voyager: Season 1
387418,8,1,What the #$*! Do We Know!?
752642,30,3,Something's Gotta Give
2439493,81,1,Antarctica: IMAX
722591,58,5,Dragonheart
2606799,169,4,Cartoon Network Halloween: 9 Creepy Cartoon Capers
447759,161,5,Ninotchka
862596,45,2,The Love Letter
305344,70,2,Tai Chi: The 24 Forms
1792741,25,4,Inspector Morse 31: Death Is Now My Neighbour
387418,33,1,Aqua Teen Hunger Force: Vol. 1
2625420,112,2,The Eye of Vichy
716173,117,5,Silk Stockings
1461435,55,2,Jade
1001129,83,3,Silkwood
2606799,114,2,Dominion Tank Police Part 1 & 2
1509395,31,1,Classic Albums: Meat Loaf: Bat Out of Hell
1639792,171,1,Funny Face
2315012,73,5,Davy Crockett: 50th Anniversary Double Feature
647979,171,4,Funny Face
2634967,173,1,The Devil's Brigade
1233297,12,3,My Favorite Brunette
238740,83,4,Silkwood
1707198,74,3,6ixtynin9
1932594,131,3,Arachnid
2625420,126,2,Vampire Effect (aka Twins Effect)
1033930,79,3,The Killing
752642,45,1,The Love Letter
1650301,31,2,Classic Albums: Meat Loaf: Bat Out of Hell
1515355,68,5,Invader Zim
1903324,95,1,Dona Herlinda and Her Son
57633,148,2,Sweet November
1902838,55,1,Jade
595778,125,1,Nighthawks
1509395,113,3,Bruce Lee: A Warrior's Journey
238740,110,4,Scandal
2439493,106,1,Stevie Ray Vaughan and Double Trouble: Live at Montreux 1982 & 1985
2291306,79,5,The Killing
2118461,28,5,Lilo and Stitch
2457095,131,2,Arachnid
1509395,133,4,Viva La Bam: Season 1
2584676,47,2,The Bad and the Beautiful
1664010,58,5,Dragonheart
1650301,18,2,Immortal Beloved
1515355,113,4,Bruce Lee: A Warrior's Journey
402266,104,4,The Great Race
2056022,174,2,Adam-12: Season 1
1227322,108,1,Spartan
2237185,16,3,Screamers
1639792,70,1,Tai Chi: The 24 Forms
2439493,34,1,Ashtanga Yoga: Beginner's Practice with Nicki Doane
2584676,143,3,The Game
2118461,68,5,Invader Zim
2248080,57,2,Richard III
387418,31,1,Classic Albums: Meat Loaf: Bat Out of Hell
1139570,78,2,Jingle All the Way
2256485,1,1,Dinosaur Planet
798296,64,1,Outside the Law
2291306,51,1,Jonah: A VeggieTales Movie: Bonus Material
305344,115,1,Lord Peter Wimsey: Murder Must Advertise
2584676,127,1,Fatal Beauty
752642,84,1,The Powerpuff Girls Movie
2439493,112,1,The Eye of Vichy
1932594,146,2,Cannibal Women in the Avocado Jungle of Death
595778,78,4,Jingle All the Way
322009,76,4,I Love Lucy: Season 2
1314869,18,3,Immortal Beloved
1314869,32,3,ABC Primetime: Mel Gibson's The Passion of the Christ
1932594,3,1,Character
1673185,46,3,Rudolph the Red-Nosed Reindeer
1029163,108,2,Spartan
2439493,12,1,My Favorite Brunette
1710658,78,3,Jingle All the Way
1166912,18,3,Immortal Beloved
1935793,8,1,What the #$*! Do We Know!?
2083367,81,4,Antarctica: IMAX
2238060,152,5,A Little Princess
1663888,90,3,The Lemon Drop Kid
1314869,81,3,Antarctica: IMAX
2584676,44,3,Spitfire Grill
525356,9,1,Class of Nuke 'Em High 2
789014,111,2,Duplex (Widescreen)
305344,22,1,Chump Change
2584676,157,1,Laird: White Knuckle Extreme
1299887,73,4,Davy Crockett: 50th Anniversary Double Feature
818752,152,3,A Little Princess
1977959,75,3,Grind
386947,24,3,My Bloody Valentine
305344,174,1,Adam-12: Season 1
1139570,75,3,Grind
2119007,168,5,Smokey and the Bandit Part 3
71594,127,3,Fatal Beauty
1792741,108,1,Spartan
1298511,165,5,Richard Pryor: Live on the Sunset Strip
3321,148,2,Sweet November
305344,95,1,Dona Herlinda and Her Son
1876520,160,2,Gormenghast
2439493,27,1,Sesame Street: Elmo's World: The Street We Live On
1233297,79,4,The Killing
794999,131,5,Arachnid
1932594,132,1,Lucio Fulci: The Beyond
1932594,155,2,The Strongest Man in the World
2606799,127,4,Fatal Beauty
952156,148,2,Sweet November
716173,171,5,Funny Face
2238060,24,2,My Bloody Valentine
2056022,126,3,Vampire Effect (aka Twins Effect)
1612901,138,4,Star Trek: Voyager: Season 1
1061195,138,5,Star Trek: Voyager: Season 1
1664010,89,4,Chain of Command
2602249,97,1,Mostly Martha
1114324,69,4,WWE: Armageddon 2003
2457095,109,3,No Way Back
789014,57,1,Richard III
507094,18,2,Immortal Beloved
1932594,52,2,The Weather Underground
1639792,72,1,Unknown
1037245,168,3,Smokey and the Bandit Part 3
769702,76,5,I Love Lucy: Season 2
769702,27,1,Sesame Street: Elmo's World: The Street We Live On
2143500,18,3,Immortal Beloved
1033930,18,3,Immortal Beloved
491531,143,1,The Game
1515355,91,5,WWE: Royal Rumble 2005
1639792,144,1,Deepak Chopra: The Way of the Wizard & Alchemy
2537543,77,5,Congo
305344,71,2,Maya Lin: A Strong Clear Vision
447759,133,5,Viva La Bam: Season 1
684876,27,3,Sesame Street: Elmo's World: The Street We Live On
1903324,148,3,Sweet November
743633,113,4,Bruce Lee: A Warrior's Journey
387418,47,1,The Bad and the Beautiful
1673185,58,2,Dragonheart
2457095,24,1,My Bloody Valentine
184705,168,3,Smokey and the Bandit Part 3
2118461,124,3,Cold Blooded
184705,16,3,Screamers
184705,156,3,Husbands and Wives
2584676,108,5,Spartan
769702,5,1,The Rise and Fall of ECW
2291306,16,2,Screamers
769702,155,2,The Strongest Man in the World
1639792,71,1,Maya Lin: A Strong Clear Vision
305344,162,1,John Cleese on How to Irritate People
1792741,50,3,A Yank in the R.A.F.
1935793,90,3,The Lemon Drop Kid
595778,117,2,Silk Stockings
238740,30,3,Something's Gotta Give
684876,162,2,John Cleese on How to Irritate People
1110156,79,3,The Killing
2606799,167,1,The Chorus
1299887,136,4,Cat and the Canary
1903324,113,1,Bruce Lee: A Warrior's Journey
883478,16,3,Screamers
908205,143,4,The Game
647979,77,2,Congo
2056022,166,3,Fame
2439493,152,1,A Little Princess
786312,71,3,Maya Lin: A Strong Clear Vision
1110156,113,3,Bruce Lee: A Warrior's Journey
387418,80,2,Winter Kills
238740,63,3,Crash Dive
1673185,175,4,Reservoir Dogs
2625420,27,2,Sesame Street: Elmo's World: The Street We Live On
305344,41,1,Horror Vision
303948,166,4,Fame
716173,168,4,Smokey and the Bandit Part 3
743633,81,5,Antarctica: IMAX
789014,165,3,Richard Pryor: Live on the Sunset Strip
305344,45,3,The Love Letter
503235,38,1,Daydream Obsession
319058,171,2,Funny Face
305344,17,2,7 Seconds
322009,52,3,The Weather Underground
1110156,16,3,Screamers
1932594,108,3,Spartan
1461435,8,1,What the #$*! Do We Know!?
1792741,161,3,Ninotchka
2237185,6,3,Sick
1037245,156,4,Husbands and Wives
1663888,98,3,The Battle of Algiers: Bonus Material
2625420,114,2,Dominion Tank Police Part 1 & 2
1300759,16,4,Screamers
2606799,66,2,Barbarian Queen 2
387418,3,2,Character
873713,28,3,Lilo and Stitch
1852040,30,2,Something's Gotta Give
1556831,108,3,Spartan
305344,127,2,Fatal Beauty
1037245,110,4,Scandal
1664010,95,5,Dona Herlinda and Her Son
525356,128,4,Mr. Vampire
1673185,83,3,Silkwood
1707198,108,3,Spartan
491531,109,3,No Way Back
716173,28,5,Lilo and Stitch
1927580,96,3,Inside the Space Station
682963,3,3,Character
2118461,95,4,Dona Herlinda and Her Son
2552319,73,3,Davy Crockett: 50th Anniversary Double Feature
1639792,114,1,Dominion Tank Police Part 1 & 2
71594,165,3,Richard Pryor: Live on the Sunset Strip
1227322,166,1,Fame
2584676,26,2,Never Die Alone
818752,117,3,Silk Stockings
2040859,117,1,Silk Stockings
1932594,74,1,6ixtynin9
769702,113,3,Bruce Lee: A Warrior's Journey
1357209,124,3,Cold Blooded
1602153,148,4,Sweet November
305344,143,3,The Game
303948,156,3,Husbands and Wives
1357209,108,3,Spartan
2083367,70,3,Tai Chi: The 24 Forms
1105029,17,1,7 Seconds
2118461,16,5,Screamers
1110156,166,3,Fame
1028463,168,5,Smokey and the Bandit Part 3
530789,73,5,Davy Crockett: 50th Anniversary Double Feature
305344,4,1,Paula Abdul's Get Up & Dance
491531,83,2,Silkwood
2118461,125,4,Nighthawks
387418,106,1,Stevie Ray Vaughan and Double Trouble: Live at Montreux 1982 & 1985
1932594,125,3,Nighthawks
1272379,150,2,Firetrap
74441,58,2,Dragonheart
1707198,46,5,Rudolph the Red-Nosed Reindeer
1710658,55,3,Jade
1037245,106,3,Stevie Ray Vaughan and Double Trouble: Live at Montreux 1982 & 1985
2150746,125,1,Nighthawks
1902838,110,3,Scandal
2457095,170,2,Tomorrow
2238060,48,5,Justice League
1602153,138,4,Star Trek: Voyager: Season 1
1509395,55,4,Jade
1664010,169,4,Cartoon Network Halloween: 9 Creepy Cartoon Capers
2118461,141,3,Goddess of Mercy
1114324,7,3,8 Man
1272379,56,2,Carandiru
2238060,76,4,I Love Lucy: Season 2
1299887,58,2,Dragonheart
818752,25,5,Inspector Morse 31: Death Is Now My Neighbour
1602153,77,2,Congo
507094,161,3,Ninotchka
647979,18,4,Immortal Beloved
387418,140,3,Lost in the Wild
1819462,18,2,Immortal Beloved
303948,110,3,Scandal
743633,155,4,The Strongest Man in the World
1664010,7,3,8 Man
2439493,123,1,Chain of Fools
1806515,170,3,Tomorrow
1298511,160,3,Gormenghast
1114324,79,3,The Killing
507603,174,1,Adam-12: Season 1
1314869,118,3,Rambo: First Blood Part II
1061195,73,5,Davy Crockett: 50th Anniversary Double Feature
2238060,97,2,Mostly Martha
2291306,67,1,Vampire Journals
1876520,29,1,Boycott
386947,46,3,Rudolph the Red-Nosed Reindeer
1903324,58,1,Dragonheart
1061195,83,5,Silkwood
647979,113,4,Bruce Lee: A Warrior's Journey
1903324,26,1,Never Die Alone
2118461,75,3,Grind
1852040,77,3,Congo
491531,168,1,Smokey and the Bandit Part 3
1932594,147,3,Where Sleeping Dogs Lie
2118461,36,4,Lady Chatterley
2056022,18,2,Immortal Beloved
2147527,169,1,Cartoon Network Halloween: 9 Creepy Cartoon Capers
818752,108,2,Spartan
305344,112,2,The Eye of Vichy
2118461,163,4,MTV: Making the Band 2: Best of Season 1
1876520,48,1,Justice League
1977959,97,5,Mostly Martha
1114324,133,3,Viva La Bam: Season 1
2291306,71,2,Maya Lin: A Strong Clear Vision
2118461,80,3,Winter Kills
1029163,109,3,No Way Back
2256485,63,1,Crash Dive
1233297,26,3,Never Die Alone
2056022,172,2,Jack
752642,47,3,The Bad and the Beautiful
305344,101,3,Complete Shamanic Princess
1509395,172,3,Jack
1473980,17,3,7 Seconds
1935793,5,3,The Rise and Fall of ECW
1233297,148,2,Sweet November
507603,143,2,The Game
2584676,171,2,Funny Face
1819462,28,4,Lilo and Stitch
1664010,45,5,The Love Letter
1233297,44,3,Spitfire Grill
1299887,68,4,Invader Zim
1114324,151,3,Sleepover Nightmare
1806515,48,3,Justice League
1029163,50,3,A Yank in the R.A.F.
952156,56,3,Carandiru
1927580,108,4,Spartan
2439493,171,1,Funny Face
1664010,160,4,Gormenghast
1639792,16,1,Screamers
2118461,102,4,Notre Musique
1819462,76,1,I Love Lucy: Season 2
1515355,28,5,Lilo and Stitch
1663888,174,3,Adam-12: Season 1
1602153,125,4,Nighthawks
1298511,44,2,Spitfire Grill
1139570,111,3,Duplex (Widescreen)
1563935,165,5,Richard Pryor: Live on the Sunset Strip
1272379,68,1,Invader Zim
2552319,30,4,Something's Gotta Give
503235,18,4,Immortal Beloved
2552319,47,3,The Bad and the Beautiful
682963,32,3,ABC Primetime: Mel Gibson's The Passion of the Christ
2584676,58,4,Dragonheart
305344,154,1,Demon Warrior Koji
1357209,24,3,My Bloody Valentine
2584676,77,4,Congo
1314869,24,4,My Bloody Valentine
818752,77,1,Congo
1314869,89,2,Chain of Command
2056022,58,3,Dragonheart
2237185,165,4,Richard Pryor: Live on the Sunset Strip
862596,97,1,Mostly Martha
1033930,165,5,Richard Pryor: Live on the Sunset Strip
727242,133,1,Viva La Bam: Season 1
1300759,83,4,Silkwood
1710658,32,4,ABC Primetime: Mel Gibson's The Passion of the Christ
1114324,143,4,The Game
491531,169,1,Cartoon Network Halloween: 9 Creepy Cartoon Capers
873713,122,3,Cube 2: Hypercube
2602249,58,3,Dragonheart
491531,133,3,Viva La Bam: Season 1
2584676,16,4,Screamers
1852040,78,4,Jingle All the Way
1664010,125,5,Nighthawks
1784150,97,3,Mostly Martha
716173,116,5,Bear Cub
1298511,28,4,Lilo and Stitch
1935793,19,1,By Dawn's Early Light
1037245,3,3,Character
74441,167,5,The Chorus
2537543,111,5,Duplex (Widescreen)
1664010,59,3,Sex and the Beauties
1461435,104,1,The Great Race
2056022,147,2,Where Sleeping Dogs Lie
305344,102,1,Notre Musique
1028463,152,5,A Little Princess
2602249,117,3,Silk Stockings
1298511,128,1,Mr. Vampire
525356,94,3,G3: Live in Concert
16272,79,2,The Killing
1556831,117,4,Silk Stockings
1664010,52,5,The Weather Underground
798296,31,1,Classic Albums: Meat Loaf: Bat Out of Hell
305344,92,1,ECW: Cyberslam '99
1602153,58,3,Dragonheart
305344,79,3,The Killing
798296,130,1,Drowning on Dry Land
2118461,111,4,Duplex (Widescreen)
2237185,9,3,Class of Nuke 'Em High 2
595778,118,3,Rambo: First Blood Part II
2143500,173,3,The Devil's Brigade
2634967,33,1,Aqua Teen Hunger Force: Vol. 1
2083367,90,4,The Lemon Drop Kid
1806515,56,3,Carandiru
682963,148,4,Sweet November
1932594,6,2,Sick
1977959,134,2,Spirit Lost
525356,169,2,Cartoon Network Halloween: 9 Creepy Cartoon Capers
794999,167,5,The Chorus
503235,143,3,The Game
1563935,133,4,Viva La Bam: Season 1
789014,127,2,Fatal Beauty
1461435,10,1,Fighter
1663888,60,3,The Libertine
1977959,57,5,Richard III
636262,106,1,Stevie Ray Vaughan and Double Trouble: Live at Montreux 1982 & 1985
1639792,94,1,G3: Live in Concert
2083367,142,3,The Tricky Master
1061195,90,5,The Lemon Drop Kid
525356,126,4,Vampire Effect (aka Twins Effect)
1300759,45,3,The Love Letter
1602153,16,4,Screamers
238740,152,3,A Little Princess
1001129,30,2,Something's Gotta Give
1663888,97,5,Mostly Martha
1461435,101,1,Complete Shamanic Princess
16272,160,2,Gormenghast
1710658,166,4,Fame
2143500,155,2,The Strongest Man in the World
504620,104,1,The Great Race
1028463,113,5,Bruce Lee: A Warrior's Journey
752642,46,3,Rudolph the Red-Nosed Reindeer
503235,22,1,Chump Change
1028463,84,1,The Powerpuff Girls Movie
1563935,2,1,Isle of Man TT 2004 Review
1037245,19,3,By Dawn's Early Light
2237185,145,3,Get Out Your Handkerchiefs
386947,138,2,Star Trek: Voyager: Season 1
2457095,122,3,Cube 2: Hypercube
752642,9,1,Class of Nuke 'Em High 2
504620,103,1,Sanford and Son: Season 6
1771252,44,3,Spitfire Grill
2315012,111,1,Duplex (Widescreen)
1473980,118,4,Rambo: First Blood Part II
1612901,16,3,Screamers
1902838,46,3,Rudolph the Red-Nosed Reindeer
2118461,10,3,Fighter
722591,111,4,Duplex (Widescreen)
2083367,165,4,Richard Pryor: Live on the Sunset Strip
794999,52,5,The Weather Underground
74441,110,3,Scandal
1037245,54,3,We're Not Married
2315012,36,1,Lady Chatterley
595778,28,5,Lilo and Stitch
1461435,57,1,Richard III
1977959,79,4,The Killing
873713,96,1,Inside the Space Station
1806515,160,1,Gormenghast
305344,61,3,Ricky Martin: One Night Only
2147527,111,5,Duplex (Widescreen)
2291306,15,2,Neil Diamond: Greatest Hits Live
2315012,118,2,Rambo: First Blood Part II
2256485,49,1,Devo: The Complete Truth About De-evolution
1473980,88,1,Record of Lodoss War: Chronicles of the Heroic Knight
1852040,118,4,Rambo: First Blood Part II
1146000,167,3,The Chorus
184705,18,4,Immortal Beloved
1876520,113,1,Bruce Lee: A Warrior's Journey
1663888,87,3,Louder Than Bombs
1357209,47,3,The Bad and the Beautiful
57633,156,3,Husbands and Wives
1663888,159,5,Gentlemen of Fortune
1556831,166,1,Fame
1664010,122,5,Cube 2: Hypercube
1515355,27,4,Sesame Street: Elmo's World: The Street We Live On
319058,55,2,Jade
303948,161,3,Ninotchka
1806515,96,3,Inside the Space Station
1612901,77,1,Congo
873713,115,1,Lord Peter Wimsey: Murder Must Advertise
1105029,143,5,The Game
2143500,156,3,Husbands and Wives
1314869,167,1,The Chorus
1139570,16,3,Screamers
305344,40,1,Pitcher and the Pin-Up
305344,123,1,Chain of Fools
636262,162,3,John Cleese on How to Irritate People
798296,165,1,Richard Pryor: Live on the Sunset Strip
1664010,167,5,The Chorus
798296,148,1,Sweet November
387418,15,3,Neil Diamond: Greatest Hits Live
1470123,118,3,Rambo: First Blood Part II
727242,156,1,Husbands and Wives
2040859,166,1,Fame
1299887,80,3,Winter Kills
387418,96,2,Inside the Space Station
1233297,165,4,Richard Pryor: Live on the Sunset Strip
57633,45,2,The Love Letter
1664010,24,5,My Bloody Valentine
2143500,97,3,Mostly Martha
2297136,171,1,Funny Face
1001129,67,2,Vampire Journals
1977959,24,2,My Bloody Valentine
504620,116,1,Bear Cub
1707198,78,3,Jingle All the Way
1902838,83,2,Silkwood
2602249,175,4,Reservoir Dogs
952156,145,2,Get Out Your Handkerchiefs
1029163,156,2,Husbands and Wives
322009,165,4,Richard Pryor: Live on the Sunset Strip
1984086,125,4,Nighthawks
1314869,138,3,Star Trek: Voyager: Season 1
1001129,79,2,The Killing
503235,47,2,The Bad and the Beautiful
1902838,143,2,The Game
2056022,145,2,Get Out Your Handkerchiefs
2439493,5,1,The Rise and Fall of ECW
636262,57,1,Richard III
1556831,47,3,The Bad and the Beautiful
2552319,77,2,Congo
1663888,37,3,Zatoichi's Conspiracy
2537543,83,1,Silkwood
1650301,89,2,Chain of Command
2439493,115,1,Lord Peter Wimsey: Murder Must Advertise
386947,165,4,Richard Pryor: Live on the Sunset Strip
1664010,35,5,Ferngully 2: The Magical Rescue
386947,143,3,The Game
636262,160,1,Gormenghast
883478,3,1,Character
1233297,146,2,Cannibal Women in the Avocado Jungle of Death
2606799,97,2,Mostly Martha
57633,152,3,A Little Princess
525356,174,1,Adam-12: Season 1
1166912,55,3,Jade
862596,162,1,John Cleese on How to Irritate People
1272379,89,1,Chain of Command
1105029,71,3,Maya Lin: A Strong Clear Vision
1556831,6,1,Sick
2291306,78,1,Jingle All the Way
74441,80,3,Winter Kills
2291306,126,1,Vampire Effect (aka Twins Effect)
1563935,118,3,Rambo: First Blood Part II
1792741,82,4,The Frogmen
1114324,138,4,Star Trek: Voyager: Season 1
386947,25,2,Inspector Morse 31: Death Is Now My Neighbour
1473980,97,1,Mostly Martha
1029163,152,2,A Little Princess
2238060,32,5,ABC Primetime: Mel Gibson's The Passion of the Christ
794999,138,5,Star Trek: Voyager: Season 1
794999,44,5,Spitfire Grill
386947,173,3,The Devil's Brigade
873713,3,1,Character
1470123,58,2,Dragonheart
2634967,126,1,Vampire Effect (aka Twins Effect)
798296,55,1,Jade
595778,26,2,Never Die Alone
1298511,115,1,Lord Peter Wimsey: Murder Must Advertise
1403217,30,4,Something's Gotta Give
71594,83,3,Silkwood
818752,36,3,Lady Chatterley
507603,127,1,Fatal Beauty
1515355,81,4,Antarctica: IMAX
1114324,33,4,Aqua Teen Hunger Force: Vol. 1
387418,38,2,Daydream Obsession
525356,114,3,Dominion Tank Police Part 1 & 2
2297136,148,3,Sweet November
2238060,167,3,The Chorus
2248080,108,3,Spartan
789014,30,4,Something's Gotta Give
1852040,131,1,Arachnid
1233297,113,3,Bruce Lee: A Warrior's Journey
447759,83,5,Silkwood
504620,155,2,The Strongest Man in the World
387418,48,2,Justice League
1664010,170,4,Tomorrow
1473980,57,3,Richard III
818752,44,4,Spitfire Grill
1927580,175,5,Reservoir Dogs
952156,171,4,Funny Face
2606799,148,2,Sweet November
387418,17,3,7 Seconds
1819462,174,3,Adam-12: Season 1
1819462,33,1,Aqua Teen Hunger Force: Vol. 1
727242,83,1,Silkwood
1710658,122,3,Cube 2: Hypercube
1903324,24,1,My Bloody Valentine
818752,48,2,Justice League
305344,104,2,The Great Race
387418,135,1,GTO: Great Teacher Onizuka: Set 2
1314869,136,2,Cat and the Canary
303948,142,3,The Tricky Master
504620,126,1,Vampire Effect (aka Twins Effect)
303948,111,4,Duplex (Widescreen)
1110156,127,3,Fatal Beauty
2118461,142,4,The Tricky Master
1515355,23,4,Clifford: Clifford Saves the Day! / Clifford's Fluffiest Friend Cleo
2056022,24,2,My Bloody Valentine
2040859,39,1,Love Reinvented
1227322,116,1,Bear Cub
322009,18,3,Immortal Beloved
1602153,48,4,Justice League
1473980,123,3,Chain of Fools
952156,166,4,Fame
1110156,122,2,Cube 2: Hypercube
1984086,47,3,The Bad and the Beautiful
1314869,97,2,Mostly Martha
1300759,143,5,The Game
716173,147,2,Where Sleeping Dogs Lie
303948,175,4,Reservoir Dogs
1784150,106,3,Stevie Ray Vaughan and Double Trouble: Live at Montreux 1982 & 1985
387418,104,1,The Great Race
1298511,101,2,Complete Shamanic Princess
908205,81,3,Antarctica: IMAX
2634967,163,1,MTV: Making the Band 2: Best of Season 1
2118461,2,4,Isle of Man TT 2004 Review
2143500,152,3,A Little Princess
1299887,143,1,The Game
682963,28,4,Lilo and Stitch
716173,104,5,The Great Race
2537543,32,5,ABC Primetime: Mel Gibson's The Passion of the Christ
1602153,25,3,Inspector Morse 31: Death Is Now My Neighbour
2297136,126,2,Vampire Effect (aka Twins Effect)
525356,83,4,Silkwood
1806515,172,3,Jack
503235,52,4,The Weather Underground
786312,52,3,The Weather Underground
2147527,77,2,Congo
769702,135,1,GTO: Great Teacher Onizuka: Set 2
1784150,152,3,A Little Princess
1461435,174,1,Adam-12: Season 1
908205,148,3,Sweet November
305344,99,4,A Fishy Story
727242,161,1,Ninotchka
1028463,173,1,The Devil's Brigade
1602153,168,3,Smokey and the Bandit Part 3
727242,104,1,The Great Race
387418,91,1,WWE: Royal Rumble 2005
2552319,148,3,Sweet November
2439493,125,1,Nighthawks
1673185,82,3,The Frogmen
2238060,44,5,Spitfire Grill
1298511,143,4,The Game
1771252,45,2,The Love Letter
507094,36,3,Lady Chatterley
716173,45,4,The Love Letter
491531,57,3,Richard III
1935793,56,1,Carandiru
1110156,47,3,The Bad and the Beautiful
2143500,127,1,Fatal Beauty
1515355,1,3,Dinosaur Planet
2083367,146,3,Cannibal Women in the Avocado Jungle of Death
2056022,76,3,I Love Lucy: Season 2
2602249,127,3,Fatal Beauty
752642,107,2,Magnolia: Bonus Material
1650301,77,1,Congo
1792741,96,3,Inside the Space Station
2439493,114,1,Dominion Tank Police Part 1 & 2
682963,71,3,Maya Lin: A Strong Clear Vision
1146000,148,1,Sweet November
507603,153,1,MTV Yoga
507603,114,1,Dominion Tank Police Part 1 & 2
1114324,103,4,Sanford and Son: Season 6
16272,109,3,No Way Back
387418,41,1,Horror Vision
319058,131,2,Arachnid
1461435,15,1,Neil Diamond: Greatest Hits Live
1664010,109,4,No Way Back
2537543,68,3,Invader Zim
1806515,83,3,Silkwood
2315012,155,5,The Strongest Man in the World
716173,125,5,Nighthawks
305344,52,1,The Weather Underground
1314869,146,3,Cannibal Women in the Avocado Jungle of Death
2297136,46,3,Rudolph the Red-Nosed Reindeer
2056022,155,2,The Strongest Man in the World
1935793,104,1,The Great Race
507603,52,1,The Weather Underground
2237185,118,3,Rambo: First Blood Part II
1927580,36,4,Lady Chatterley
2457095,88,1,Record of Lodoss War: Chronicles of the Heroic Knight
2143500,52,3,The Weather Underground
504620,169,2,Cartoon Network Halloween: 9 Creepy Cartoon Capers
74441,143,5,The Game
1403217,113,2,Bruce Lee: A Warrior's Journey
322009,16,3,Screamers
2552319,97,2,Mostly Martha
2457095,138,3,Star Trek: Voyager: Season 1
1105029,58,3,Dragonheart
386947,44,4,Spitfire Grill
238740,57,4,Richard III
862596,27,1,Sesame Street: Elmo's World: The Street We Live On
684876,18,5,Immortal Beloved
786312,6,2,Sick
1935793,27,1,Sesame Street: Elmo's World: The Street We Live On
2040859,14,1,Nature: Antarctica
387418,2,1,Isle of Man TT 2004 Review
2150746,25,4,Inspector Morse 31: Death Is Now My Neighbour
74441,161,5,Ninotchka
386947,89,3,Chain of Command
1515355,77,2,Congo
2062350,171,4,Funny Face
2291306,173,2,The Devil's Brigade
305344,157,1,Laird: White Knuckle Extreme
1852040,165,2,Richard Pryor: Live on the Sunset Strip
2439493,120,1,Plain Dirty
507094,83,4,Silkwood
1357209,16,4,Screamers
3321,1,3,Dinosaur Planet
1710658,30,3,Something's Gotta Give
507094,152,4,A Little Princess
2602249,29,3,Boycott
491531,77,4,Congo
57633,79,4,The Killing
322009,44,4,Spitfire Grill
952156,77,1,Congo
2291306,144,1,Deepak Chopra: The Way of the Wizard & Alchemy
507603,2,1,Isle of Man TT 2004 Review
1110156,89,2,Chain of Command
2238060,129,2,Darkwolf
789014,108,3,Spartan
319058,96,2,Inside the Space Station
722591,108,5,Spartan
2150746,12,3,My Favorite Brunette
1403217,162,2,John Cleese on How to Irritate People
2040859,1,1,Dinosaur Planet
1299887,24,4,My Bloody Valentine
525356,36,1,Lady Chatterley
1403217,106,2,Stevie Ray Vaughan and Double Trouble: Live at Montreux 1982 & 1985
716173,83,5,Silkwood
2147527,58,3,Dragonheart
503235,79,3,The Killing
147386,47,4,The Bad and the Beautiful
1977959,90,2,The Lemon Drop Kid
1314869,77,4,Congo
2062350,68,1,Invader Zim
57633,30,2,Something's Gotta Give
798296,95,3,Dona Herlinda and Her Son
147386,30,4,Something's Gotta Give
647979,90,4,The Lemon Drop Kid
682963,96,3,Inside the Space Station
1461435,115,1,Lord Peter Wimsey: Murder Must Advertise
1664010,96,5,Inside the Space Station
303948,127,3,Fatal Beauty
1139570,108,3,Spartan
798296,61,1,Ricky Martin: One Night Only
504620,68,1,Invader Zim
1233297,58,3,Dragonheart
305344,76,1,I Love Lucy: Season 2
1707198,122,2,Cube 2: Hypercube
2439493,26,1,Never Die Alone
2584676,12,5,My Favorite Brunette
2083367,46,5,Rudolph the Red-Nosed Reindeer
1146000,47,3,The Bad and the Beautiful
1110156,83,4,Silkwood
1771252,90,3,The Lemon Drop Kid
798296,29,1,Boycott
319058,166,3,Fame
647979,25,4,Inspector Morse 31: Death Is Now My Neighbour
1028463,166,1,Fame
305344,158,1,A Killer Within
1146000,142,1,The Tricky Master
1639792,86,1,Iron Monkey 2
1664010,50,5,A Yank in the R.A.F.
71594,143,5,The Game
147386,28,4,Lilo and Stitch
74441,44,5,Spitfire Grill
2315012,116,1,Bear Cub
71594,44,3,Spitfire Grill
2143500,161,4,Ninotchka
491531,28,3,Lilo and Stitch
952156,108,3,Spartan
504620,30,3,Something's Gotta Give
1403217,165,3,Richard Pryor: Live on the Sunset Strip
2457095,127,1,Fatal Beauty
1114324,156,3,Husbands and Wives
1028463,111,5,Duplex (Widescreen)
722591,1,5,Dinosaur Planet
387418,50,1,A Yank in the R.A.F.
952156,52,3,The Weather Underground
1556831,18,2,Immortal Beloved
305344,103,1,Sanford and Son: Season 6
1227322,154,1,Demon Warrior Koji
2083367,136,3,Cat and the Canary
1105029,44,4,Spitfire Grill
1935793,96,1,Inside the Space Station
507603,142,1,The Tricky Master
319058,104,5,The Great Race
1927580,83,3,Silkwood
595778,138,5,Star Trek: Voyager: Season 1
1473980,89,3,Chain of Command
1852040,24,2,My Bloody Valentine
1146000,33,1,Aqua Teen Hunger Force: Vol. 1
2118461,117,4,Silk Stockings
74441,104,4,The Great Race
1852040,49,1,Devo: The Complete Truth About De-evolution
1300759,147,3,Where Sleeping Dogs Lie
507603,25,1,Inspector Morse 31: Death Is Now My Neighbour
2150746,30,4,Something's Gotta Give
305344,106,3,Stevie Ray Vaughan and Double Trouble: Live at Montreux 1982 & 1985
786312,115,3,Lord Peter Wimsey: Murder Must Advertise
722591,77,3,Congo
1515355,32,5,ABC Primetime: Mel Gibson's The Passion of the Christ
727242,44,1,Spitfire Grill
1663888,166,4,Fame
2297136,52,2,The Weather Underground
1932594,60,1,The Libertine
1710658,43,3,Silent Service
3321,104,1,The Great Race
1792741,173,4,The Devil's Brigade
305344,128,2,Mr. Vampire
2439493,60,1,The Libertine
2118461,138,5,Star Trek: Voyager: Season 1
305344,15,5,Neil Diamond: Greatest Hits Live
1473980,150,3,Firetrap
2297136,30,3,Something's Gotta Give
305344,21,1,Strange Relations
1784150,88,4,Record of Lodoss War: Chronicles of the Heroic Knight
1664010,154,3,Demon Warrior Koji
2150746,148,2,Sweet November
1707198,131,2,Arachnid
1314869,142,3,The Tricky Master
1932594,145,1,Get Out Your Handkerchiefs
1114324,110,1,Scandal
1114324,124,1,Cold Blooded
525356,122,2,Cube 2: Hypercube
2256485,106,1,Stevie Ray Vaughan and Double Trouble: Live at Montreux 1982 & 1985
1509395,35,4,Ferngully 2: The Magical Rescue
2625420,77,2,Congo
305344,105,1,Obsessed
2606799,36,1,Lady Chatterley
2118461,3,4,Character
1639792,47,1,The Bad and the Beautiful
1061195,18,5,Immortal Beloved
1639792,44,1,Spitfire Grill
1473980,127,4,Fatal Beauty
1314869,84,4,The Powerpuff Girls Movie
2237185,124,2,Cold Blooded
2056022,30,4,Something's Gotta Give
319058,5,2,The Rise and Fall of ECW
16272,44,3,Spitfire Grill
322009,138,3,Star Trek: Voyager: Season 1
1105029,145,2,Get Out Your Handkerchiefs
1612901,125,3,Nighthawks
1001129,29,2,Boycott
636262,88,1,Record of Lodoss War: Chronicles of the Heroic Knight
507603,151,1,Sleepover Nightmare
1146000,44,1,Spitfire Grill
387418,12,1,My Favorite Brunette
727242,52,1,The Weather Underground
402266,77,4,Congo
1664010,144,3,Deepak Chopra: The Way of the Wizard & Alchemy
2634967,43,1,Silent Service
1300759,110,4,Scandal
387418,153,3,MTV Yoga
2143500,104,3,The Great Race
722591,78,5,Jingle All the Way
1663888,79,5,The Killing
1105029,171,5,Funny Face
883478,39,3,Love Reinvented
1227322,149,1,The Edward R. Murrow Collection
794999,36,5,Lady Chatterley
1114324,119,1,Travel the World by Train: Africa
2150746,108,3,Spartan
2606799,8,1,What the #$*! Do We Know!?
2634967,152,1,A Little Princess
2439493,121,1,Beyonce: Live at Wembley
2118461,122,5,Cube 2: Hypercube
305344,38,1,Daydream Obsession
1664010,75,3,Grind
1710658,84,3,The Powerpuff Girls Movie
387418,11,1,Full Frame: Documentary Shorts
1298511,18,5,Immortal Beloved
2634967,30,4,Something's Gotta Give
2118461,37,5,Zatoichi's Conspiracy
1114324,165,4,Richard Pryor: Live on the Sunset Strip
447759,30,5,Something's Gotta Give
2056022,167,2,The Chorus
1932594,152,3,A Little Princess
1139570,127,3,Fatal Beauty
16272,118,4,Rambo: First Blood Part II
2147527,79,1,The Killing
1357209,148,4,Sweet November
908205,32,4,ABC Primetime: Mel Gibson's The Passion of the Christ
1403217,69,2,WWE: Armageddon 2003
1509395,148,3,Sweet November
491531,150,2,Firetrap
1272379,12,1,My Favorite Brunette
1664010,31,3,Classic Albums: Meat Loaf: Bat Out of Hell
1515355,43,4,Silent Service
2625420,175,4,Reservoir Dogs
743633,30,5,Something's Gotta Give
2238060,173,5,The Devil's Brigade
1299887,125,3,Nighthawks
716173,58,5,Dragonheart
2147527,126,1,Vampire Effect (aka Twins Effect)
525356,41,2,Horror Vision
716173,23,4,Clifford: Clifford Saves the Day! / Clifford's Fluffiest Friend Cleo
1927580,165,5,Richard Pryor: Live on the Sunset Strip
1028463,55,5,Jade
1300759,44,4,Spitfire Grill
2439493,147,1,Where Sleeping Dogs Lie
647979,57,5,Richard III
1114324,48,3,Justice League
387418,51,2,Jonah: A VeggieTales Movie: Bonus Material
1932594,111,3,Duplex (Widescreen)
1663888,76,3,I Love Lucy: Season 2
1932594,71,2,Maya Lin: A Strong Clear Vision
727242,106,1,Stevie Ray Vaughan and Double Trouble: Live at Montreux 1982 & 1985
2040859,62,1,Ken Burns' America: Empire of the Air
1114324,174,3,Adam-12: Season 1
1114324,58,4,Dragonheart
387418,103,1,Sanford and Son: Season 6
636262,104,1,The Great Race
1146000,43,1,Silent Service
1272379,61,1,Ricky Martin: One Night Only
2291306,160,2,Gormenghast
1932594,20,1,Seeta Aur Geeta
908205,77,2,Congo
1639792,150,1,Firetrap
684876,173,3,The Devil's Brigade
387418,53,1,The Bonesetter
3321,56,1,Carandiru
1110156,108,3,Spartan
1033930,155,3,The Strongest Man in the World
2083367,41,2,Horror Vision
1977959,147,3,Where Sleeping Dogs Lie
305344,28,3,Lilo and Stitch
305344,148,3,Sweet November
305344,56,1,Carandiru
647979,50,2,A Yank in the R.A.F.
798296,60,1,The Libertine
1792741,83,1,Silkwood
303948,11,3,Full Frame: Documentary Shorts
1639792,23,1,Clifford: Clifford Saves the Day! / Clifford's Fluffiest Friend Cleo
504620,131,1,Arachnid
1639792,97,1,Mostly Martha
1470123,110,4,Scandal
716173,76,5,I Love Lucy: Season 2
1105029,156,3,Husbands and Wives
2439493,94,1,G3: Live in Concert
319058,12,4,My Favorite Brunette
1876520,132,1,Lucio Fulci: The Beyond
1792741,18,2,Immortal Beloved
1146000,46,1,Rudolph the Red-Nosed Reindeer
530789,47,5,The Bad and the Beautiful
682963,63,4,Crash Dive
1509395,152,3,A Little Princess
507094,173,3,The Devil's Brigade
2625420,169,2,Cartoon Network Halloween: 9 Creepy Cartoon Capers
491531,67,1,Vampire Journals
2584676,1,3,Dinosaur Planet
184705,63,3,Crash Dive
402266,122,2,Cube 2: Hypercube
1563935,163,1,MTV: Making the Band 2: Best of Season 1
71594,104,3,The Great Race
322009,28,3,Lilo and Stitch
71594,118,4,Rambo: First Blood Part II
305344,5,1,The Rise and Fall of ECW
1403217,131,2,Arachnid
2291306,61,1,Ricky Martin: One Night Only
322009,173,3,The Devil's Brigade
1710658,18,3,Immortal Beloved
595778,1,3,Dinosaur Planet
1932594,153,2,MTV Yoga
2606799,16,3,Screamers
798296,57,4,Richard III
908205,48,1,Justice League
2602249,77,3,Congo
2625420,128,2,Mr. Vampire
184705,97,3,Mostly Martha
1556831,125,3,Nighthawks
71594,90,2,The Lemon Drop Kid
2147527,76,2,I Love Lucy: Season 2
2297136,16,2,Screamers
2584676,128,1,Mr. Vampire
530789,77,5,Congo
1784150,154,2,Demon Warrior Koji
303948,30,4,Something's Gotta Give
682963,170,3,Tomorrow
1300759,145,4,Get Out Your Handkerchiefs
1033930,148,1,Sweet November
1876520,88,1,Record of Lodoss War: Chronicles of the Heroic Knight
716173,68,5,Invader Zim
2118461,112,3,The Eye of Vichy
1299887,148,2,Sweet November
908205,165,3,Richard Pryor: Live on the Sunset Strip
1902838,118,1,Rambo: First Blood Part II
752642,151,1,Sleepover Nightmare
752642,64,1,Outside the Law
873713,113,5,Bruce Lee: A Warrior's Journey
1792741,19,3,By Dawn's Early Light
647979,107,3,Magnolia: Bonus Material
1166912,127,3,Fatal Beauty
1710658,171,4,Funny Face
2119007,24,2,My Bloody Valentine
1563935,40,1,Pitcher and the Pin-Up
1461435,7,1,8 Man
727242,45,2,The Love Letter
2119007,127,4,Fatal Beauty
647979,125,2,Nighthawks
1473980,133,1,Viva La Bam: Season 1
1664010,56,5,Carandiru
883478,95,1,Dona Herlinda and Her Son
1470123,46,3,Rudolph the Red-Nosed Reindeer
1663888,132,2,Lucio Fulci: The Beyond
2118461,172,3,Jack
873713,118,5,Rambo: First Blood Part II
2062350,48,4,Justice League
1033930,90,4,The Lemon Drop Kid
525356,104,2,The Great Race
1114324,40,4,Pitcher and the Pin-Up
2248080,78,2,Jingle All the Way
789014,115,1,Lord Peter Wimsey: Murder Must Advertise
636262,23,4,Clifford: Clifford Saves the Day! / Clifford's Fluffiest Friend Cleo
1357209,131,4,Arachnid
238740,54,3,We're Not Married
303948,173,4,The Devil's Brigade
1664010,71,5,Maya Lin: A Strong Clear Vision
2237185,30,4,Something's Gotta Give
1927580,81,3,Antarctica: IMAX
716173,131,4,Arachnid
1461435,143,2,The Game
2606799,158,1,A Killer Within
1061195,131,2,Arachnid
1029163,89,2,Chain of Command
1707198,16,3,Screamers
387418,64,3,Outside the Law
1852040,168,3,Smokey and the Bandit Part 3
1105029,59,2,Sex and the Beauties
2291306,6,5,Sick
184705,55,4,Jade
1639792,90,1,The Lemon Drop Kid
1461435,121,2,Beyonce: Live at Wembley
1932594,135,1,GTO: Great Teacher Onizuka: Set 2
184705,29,3,Boycott
1650301,16,2,Screamers
387418,37,1,Zatoichi's Conspiracy
1650301,167,2,The Chorus
1227322,148,1,Sweet November
862596,68,1,Invader Zim
1033930,17,3,7 Seconds
1272379,174,2,Adam-12: Season 1
716173,26,4,Never Die Alone
2439493,55,1,Jade
1664010,94,4,G3: Live in Concert
387418,116,1,Bear Cub
1977959,175,5,Reservoir Dogs
2439493,91,1,WWE: Royal Rumble 2005
1663888,12,4,My Favorite Brunette
305344,109,3,No Way Back
16272,19,3,By Dawn's Early Light
3321,24,1,My Bloody Valentine
1028463,118,5,Rambo: First Blood Part II
1819462,169,1,Cartoon Network Halloween: 9 Creepy Cartoon Capers
1876520,60,1,The Libertine
1403217,114,2,Dominion Tank Police Part 1 & 2
1563935,121,1,Beyonce: Live at Wembley
2118461,12,4,My Favorite Brunette
1299887,76,5,I Love Lucy: Season 2
525356,25,1,Inspector Morse 31: Death Is Now My Neighbour
1852040,76,3,I Love Lucy: Season 2
1105029,116,4,Bear Cub
322009,118,4,Rambo: First Blood Part II
873713,58,4,Dragonheart
2056022,109,2,No Way Back
1664010,26,5,Never Die Alone
1806515,113,5,Bruce Lee: A Warrior's Journey
1935793,128,1,Mr. Vampire
1001129,40,3,Pitcher and the Pin-Up
305344,135,1,GTO: Great Teacher Onizuka: Set 2
1639792,157,1,Laird: White Knuckle Extreme
1461435,112,1,The Eye of Vichy
2439493,68,1,Invader Zim
1710658,127,3,Fatal Beauty
1932594,18,3,Immortal Beloved
1977959,161,4,Ninotchka
303948,17,3,7 Seconds
1556831,132,2,Lucio Fulci: The Beyond
1227322,175,2,Reservoir Dogs
1300759,173,4,The Devil's Brigade
789014,155,3,The Strongest Man in the World
1664010,8,4,What the #$*! Do We Know!?
883478,18,4,Immortal Beloved
794999,63,5,Crash Dive
2315012,77,5,Congo
1792741,10,3,Fighter
2537543,33,1,Aqua Teen Hunger Force: Vol. 1
2439493,146,1,Cannibal Women in the Avocado Jungle of Death
1664010,54,4,We're Not Married
322009,122,2,Cube 2: Hypercube
1806515,25,3,Inspector Morse 31: Death Is Now My Neighbour
402266,19,3,By Dawn's Early Light
595778,46,4,Rudolph the Red-Nosed Reindeer
1784150,74,3,6ixtynin9
727242,102,1,Notre Musique
1515355,169,4,Cartoon Network Halloween: 9 Creepy Cartoon Capers
862596,58,3,Dragonheart
1227322,24,1,My Bloody Valentine
2238060,12,2,My Favorite Brunette
305344,167,1,The Chorus
322009,17,3,7 Seconds
1114324,131,3,Arachnid
2118461,4,3,Paula Abdul's Get Up & Dance
2062350,97,2,Mostly Martha
2118461,69,4,WWE: Armageddon 2003
1852040,53,1,The Bonesetter
1663888,3,5,Character
147386,73,4,Davy Crockett: 50th Anniversary Double Feature
1403217,103,2,Sanford and Son: Season 6
789014,132,1,Lucio Fulci: The Beyond
447759,58,5,Dragonheart
1314869,126,4,Vampire Effect (aka Twins Effect)
402266,89,2,Chain of Command
786312,1,3,Dinosaur Planet
2625420,30,2,Something's Gotta Give
1664010,153,3,MTV Yoga
1819462,84,1,The Powerpuff Girls Movie
1114324,21,3,Strange Relations
2439493,133,1,Viva La Bam: Season 1
1932594,91,2,WWE: Royal Rumble 2005
2143500,77,3,Congo
2118461,48,5,Justice League
507603,168,1,Smokey and the Bandit Part 3
722591,8,5,What the #$*! Do We Know!?
2062350,27,5,Sesame Street: Elmo's World: The Street We Live On
2238060,110,4,Scandal
1146000,63,3,Crash Dive
147386,164,3,One Last Dance
789014,48,3,Justice League
1663888,6,3,Sick
387418,111,4,Duplex (Widescreen)
1001129,138,3,Star Trek: Voyager: Season 1
1639792,61,1,Ricky Martin: One Night Only
2291306,11,2,Full Frame: Documentary Shorts
1300759,118,4,Rambo: First Blood Part II
1664010,129,4,Darkwolf
1029163,143,2,The Game
530789,118,4,Rambo: First Blood Part II
1114324,16,4,Screamers
1105029,21,2,Strange Relations
1784150,175,5,Reservoir Dogs
647979,166,3,Fame
818752,170,3,Tomorrow
57633,18,3,Immortal Beloved
789014,55,3,Jade
1612901,57,5,Richard III
387418,124,2,Cold Blooded
1473980,108,3,Spartan
305344,73,1,Davy Crockett: 50th Anniversary Double Feature
647979,104,4,The Great Race
1612901,18,3,Immortal Beloved
1664010,92,4,ECW: Cyberslam '99
1166912,122,2,Cube 2: Hypercube
303948,25,3,Inspector Morse 31: Death Is Now My Neighbour
504620,174,1,Adam-12: Season 1
305344,113,2,Bruce Lee: A Warrior's Journey
305344,31,4,Classic Albums: Meat Loaf: Bat Out of Hell
387418,21,1,Strange Relations
1037245,18,4,Immortal Beloved
402266,108,4,Spartan
1927580,115,4,Lord Peter Wimsey: Murder Must Advertise
507603,148,1,Sweet November
387418,49,2,Devo: The Complete Truth About De-evolution
2040859,113,1,Bruce Lee: A Warrior's Journey
1932594,169,3,Cartoon Network Halloween: 9 Creepy Cartoon Capers
1663888,56,3,Carandiru
319058,27,4,Sesame Street: Elmo's World: The Street We Live On
305344,27,1,Sesame Street: Elmo's World: The Street We Live On
1771252,148,2,Sweet November
1710658,57,3,Richard III
2606799,59,3,Sex and the Beauties
2150746,104,4,The Great Race
303948,113,5,Bruce Lee: A Warrior's Journey
2634967,29,1,Boycott
305344,124,1,Cold Blooded
305344,166,1,Fame
1639792,129,1,Darkwolf
1663888,125,4,Nighthawks
1114324,127,3,Fatal Beauty
1935793,30,3,Something's Gotta Give
447759,138,5,Star Trek: Voyager: Season 1
2439493,110,1,Scandal
491531,165,4,Richard Pryor: Live on the Sunset Strip
727242,118,1,Rambo: First Blood Part II
727242,151,1,Sleepover Nightmare
818752,99,3,A Fishy Story
1663888,102,3,Notre Musique
1771252,104,2,The Great Race
2291306,145,2,Get Out Your Handkerchiefs
1314869,33,1,Aqua Teen Hunger Force: Vol. 1
1639792,148,1,Sweet November
305344,89,4,Chain of Command
1852040,28,3,Lilo and Stitch
1602153,173,4,The Devil's Brigade
2118461,139,3,Allergies: A Natural Approach
794999,18,5,Immortal Beloved
147386,166,4,Fame
387418,46,2,Rudolph the Red-Nosed Reindeer
504620,111,2,Duplex (Widescreen)
1473980,113,5,Bruce Lee: A Warrior's Journey
2439493,79,1,The Killing
1114324,95,1,Dona Herlinda and Her Son
2537543,125,5,Nighthawks
752642,168,1,Smokey and the Bandit Part 3
2552319,29,3,Boycott
402266,1,5,Dinosaur Planet
530789,79,5,The Killing
2150746,77,2,Congo
387418,26,1,Never Die Alone
2147527,117,2,Silk Stockings
238740,12,2,My Favorite Brunette
1707198,24,2,My Bloody Valentine
1602153,76,4,I Love Lucy: Season 2
74441,156,4,Husbands and Wives
491531,1,5,Dinosaur Planet
1639792,84,1,The Powerpuff Girls Movie
2238060,28,5,Lilo and Stitch
682963,29,3,Boycott
2457095,31,1,Classic Albums: Meat Loaf: Bat Out of Hell
1784150,40,3,Pitcher and the Pin-Up
1227322,167,1,The Chorus
1977959,12,2,My Favorite Brunette
1650301,66,3,Barbarian Queen 2
2634967,38,1,Daydream Obsession
147386,77,4,Congo
305344,20,1,Seeta Aur Geeta
1139570,46,3,Rudolph the Red-Nosed Reindeer
147386,122,3,Cube 2: Hypercube
1166912,39,2,Love Reinvented
743633,111,4,Duplex (Widescreen)
2457095,79,3,The Killing
74441,30,4,Something's Gotta Give
1664010,64,3,Outside the Law
387418,169,1,Cartoon Network Halloween: 9 Creepy Cartoon Capers
1663888,52,1,The Weather Underground
2439493,155,1,The Strongest Man in the World
1932594,59,1,Sex and the Beauties
1935793,12,3,My Favorite Brunette
769702,48,5,Justice League
1461435,61,1,Ricky Martin: One Night Only
2056022,21,3,Strange Relations
1001129,108,2,Spartan
1664010,77,5,Congo
727242,68,1,Invader Zim
507603,125,1,Nighthawks
682963,156,3,Husbands and Wives
1299887,117,4,Silk Stockings
1509395,111,3,Duplex (Widescreen)
2062350,84,3,The Powerpuff Girls Movie
743633,165,5,Richard Pryor: Live on the Sunset Strip
2537543,165,5,Richard Pryor: Live on the Sunset Strip
2118461,19,4,By Dawn's Early Light
507603,78,1,Jingle All the Way
1146000,117,3,Silk Stockings
682963,133,3,Viva La Bam: Season 1
1299887,54,4,We're Not Married
1977959,82,3,The Frogmen
862596,148,5,Sweet November
305344,53,1,The Bonesetter
507094,68,5,Invader Zim
1029163,104,2,The Great Race
238740,77,2,Congo
2118461,41,2,Horror Vision
1403217,152,2,A Little Princess
387418,160,2,Gormenghast
2056022,122,3,Cube 2: Hypercube
305344,134,2,Spirit Lost
1792741,49,1,Devo: The Complete Truth About De-evolution
1984086,159,2,Gentlemen of Fortune
507603,69,1,WWE: Armageddon 2003
184705,77,4,Congo
1300759,12,5,My Favorite Brunette
1673185,173,3,The Devil's Brigade
798296,100,1,Sam the Iron Bridge
1357209,125,4,Nighthawks
1806515,27,4,Sesame Street: Elmo's World: The Street We Live On
2256485,96,1,Inside the Space Station
2439493,54,1,We're Not Married
1114324,108,3,Spartan
1033930,1,3,Dinosaur Planet
386947,29,3,Boycott
2625420,125,4,Nighthawks
2439493,128,1,Mr. Vampire
2457095,30,4,Something's Gotta Give
1470123,30,4,Something's Gotta Give
503235,166,3,Fame
387418,45,2,The Love Letter
71594,48,3,Justice League
507603,128,1,Mr. Vampire
1001129,133,3,Viva La Bam: Season 1
2291306,44,2,Spitfire Grill
387418,168,1,Smokey and the Bandit Part 3
873713,30,3,Something's Gotta Give
1710658,83,3,Silkwood
1932594,50,2,A Yank in the R.A.F.
1639792,41,1,Horror Vision
507603,115,1,Lord Peter Wimsey: Murder Must Advertise
1037245,44,5,Spitfire Grill
491531,58,5,Dragonheart
1932594,151,2,Sleepover Nightmare
1927580,103,2,Sanford and Son: Season 6
1639792,62,1,Ken Burns' America: Empire of the Air
727242,29,1,Boycott
1114324,126,3,Vampire Effect (aka Twins Effect)
305344,132,1,Lucio Fulci: The Beyond
525356,1,2,Dinosaur Planet
1664010,67,3,Vampire Journals
1556831,28,3,Lilo and Stitch
798296,84,1,The Powerpuff Girls Movie
743633,78,5,Jingle All the Way
2457095,58,3,Dragonheart
2457095,49,1,Devo: The Complete Truth About De-evolution
769702,58,5,Dragonheart
1852040,167,5,The Chorus
789014,84,2,The Powerpuff Girls Movie
2119007,26,4,Never Die Alone
1977959,3,4,Character
1470123,56,3,Carandiru
794999,118,5,Rambo: First Blood Part II
1977959,80,3,Winter Kills
507603,88,1,Record of Lodoss War: Chronicles of the Heroic Knight
908205,30,4,Something's Gotta Give
1664010,148,5,Sweet November
1771252,28,4,Lilo and Stitch
2457095,135,1,GTO: Great Teacher Onizuka: Set 2
1612901,108,3,Spartan
1357209,44,5,Spitfire Grill
2056022,111,4,Duplex (Widescreen)
1033930,28,5,Lilo and Stitch
1639792,57,4,Richard III
684876,1,4,Dinosaur Planet
322009,109,4,No Way Back
303948,47,3,The Bad and the Beautiful
1227322,28,2,Lilo and Stitch
1314869,143,3,The Game
387418,126,1,Vampire Effect (aka Twins Effect)
322009,67,2,Vampire Journals
2062350,152,5,A Little Princess
595778,174,2,Adam-12: Season 1
1673185,73,4,Davy Crockett: 50th Anniversary Double Feature
684876,30,3,Something's Gotta Give
1509395,83,4,Silkwood
1664010,25,5,Inspector Morse 31: Death Is Now My Neighbour
386947,17,3,7 Seconds
1792741,6,1,Sick
2602249,63,3,Crash Dive
794999,171,5,Funny Face
447759,35,5,Ferngully 2: The Magical Rescue
908205,111,3,Duplex (Widescreen)
1806515,63,3,Crash Dive
2238060,117,3,Silk Stockings
908205,83,4,Silkwood
2150746,143,5,The Game
1664010,139,3,Allergies: A Natural Approach
525356,138,3,Star Trek: Voyager: Season 1
1710658,77,3,Congo
1852040,39,1,Love Reinvented
2315012,55,1,Jade
727242,111,1,Duplex (Widescreen)
2439493,11,1,Full Frame: Documentary Shorts
1806515,9,3,Class of Nuke 'Em High 2
1673185,63,3,Crash Dive
184705,143,5,The Game
883478,28,4,Lilo and Stitch
862596,118,3,Rambo: First Blood Part II
798296,146,1,Cannibal Women in the Avocado Jungle of Death
2056022,56,2,Carandiru
1314869,137,3,Naked Lies
2439493,78,5,Jingle All the Way
716173,19,5,By Dawn's Early Light
794999,104,5,The Great Race
1771252,26,3,Never Die Alone
794999,12,5,My Favorite Brunette
1473980,111,4,Duplex (Widescreen)
1852040,33,1,Aqua Teen Hunger Force: Vol. 1
2150746,173,1,The Devil's Brigade
752642,127,2,Fatal Beauty
387418,86,2,Iron Monkey 2
752642,29,2,Boycott
1664010,112,3,The Eye of Vichy
2248080,124,3,Cold Blooded
1784150,2,4,Isle of Man TT 2004 Review
1470123,133,4,Viva La Bam: Season 1
952156,95,4,Dona Herlinda and Her Son
1272379,175,3,Reservoir Dogs
1298511,83,5,Silkwood
1146000,104,4,The Great Race
1792741,36,5,Lady Chatterley
1664010,23,5,Clifford: Clifford Saves the Day! / Clifford's Fluffiest Friend Cleo
1664010,173,5,The Devil's Brigade
1927580,47,4,The Bad and the Beautiful
1139570,97,4,Mostly Martha
1650301,30,2,Something's Gotta Give
789014,77,3,Congo
74441,162,5,John Cleese on How to Irritate People
1852040,145,3,Get Out Your Handkerchiefs
1110156,28,4,Lilo and Stitch
2143500,47,4,The Bad and the Beautiful
2147527,91,2,WWE: Royal Rumble 2005
1461435,131,1,Arachnid
1461435,23,1,Clifford: Clifford Saves the Day! / Clifford's Fluffiest Friend Cleo
2143500,140,2,Lost in the Wild
57633,118,1,Rambo: First Blood Part II
402266,16,3,Screamers
1001129,137,2,Naked Lies
387418,172,1,Jack
147386,125,4,Nighthawks
1233297,16,4,Screamers
1470123,108,1,Spartan
1403217,2,2,Isle of Man TT 2004 Review
1932594,170,2,Tomorrow
402266,173,4,The Devil's Brigade
1932594,113,1,Bruce Lee: A Warrior's Journey
530789,117,5,Silk Stockings
57633,171,5,Funny Face
16272,77,4,Congo
2537543,55,4,Jade
798296,171,4,Funny Face
2602249,148,3,Sweet November
1403217,126,1,Vampire Effect (aka Twins Effect)
1902838,15,1,Neil Diamond: Greatest Hits Live
386947,8,2,What the #$*! Do We Know!?
305344,114,1,Dominion Tank Police Part 1 & 2
952156,44,2,Spitfire Grill
305344,165,3,Richard Pryor: Live on the Sunset Strip
1001129,122,2,Cube 2: Hypercube
387418,113,3,Bruce Lee: A Warrior's Journey
387418,14,2,Nature: Antarctica
727242,96,1,Inside the Space Station
2238060,169,5,Cartoon Network Halloween: 9 Creepy Cartoon Capers
387418,100,3,Sam the Iron Bridge
504620,171,4,Funny Face
595778,76,5,I Love Lucy: Season 2
727242,131,1,Arachnid
1299887,111,1,Duplex (Widescreen)
1233297,46,4,Rudolph the Red-Nosed Reindeer
1876520,7,1,8 Man
1110156,131,2,Arachnid
2056022,150,3,Firetrap
794999,111,5,Duplex (Widescreen)
387418,131,2,Arachnid
1710658,147,3,Where Sleeping Dogs Lie
184705,148,3,Sweet November
1984086,30,5,Something's Gotta Give
636262,3,1,Character
2150746,38,1,Daydream Obsession
1903324,150,1,Firetrap
1932594,67,3,Vampire Journals
1300759,47,4,The Bad and the Beautiful
2552319,6,2,Sick
507603,18,3,Immortal Beloved
1650301,143,3,The Game
3321,122,1,Cube 2: Hypercube
647979,55,2,Jade
491531,26,2,Never Die Alone
1033930,55,3,Jade
908205,84,2,The Powerpuff Girls Movie
305344,145,3,Get Out Your Handkerchiefs
303948,131,2,Arachnid
1166912,44,2,Spitfire Grill
2083367,160,3,Gormenghast
1663888,89,1,Chain of Command
1639792,7,1,8 Man
2118461,34,3,Ashtanga Yoga: Beginner's Practice with Nicki Doane
2143500,63,3,Crash Dive
387418,150,2,Firetrap
2439493,6,1,Sick
2238060,127,5,Fatal Beauty
1935793,108,3,Spartan
1673185,90,3,The Lemon Drop Kid
1001129,118,3,Rambo: First Blood Part II
1707198,44,3,Spitfire Grill
322009,168,4,Smokey and the Bandit Part 3
1314869,150,2,Firetrap
2256485,113,3,Bruce Lee: A Warrior's Journey
2439493,162,1,John Cleese on How to Irritate People
1639792,96,1,Inside the Space Station
2457095,94,1,G3: Live in Concert
1602153,155,4,The Strongest Man in the World
1932594,53,2,The Bonesetter
1114324,92,4,ECW: Cyberslam '99
1509395,18,4,Immortal Beloved
2439493,23,1,Clifford: Clifford Saves the Day! / Clifford's Fluffiest Friend Cleo
2119007,133,5,Viva La Bam: Season 1
1664010,152,5,A Little Princess
1001129,65,2,Lost in the Pershing Point Hotel
862596,126,1,Vampire Effect (aka Twins Effect)
1037245,146,3,Cannibal Women in the Avocado Jungle of Death
507603,50,1,A Yank in the R.A.F.
305344,156,3,Husbands and Wives
2439493,2,1,Isle of Man TT 2004 Review
491531,66,1,Barbarian Queen 2
16272,122,2,Cube 2: Hypercube
2040859,70,1,Tai Chi: The 24 Forms
2291306,3,2,Character
1233297,143,4,The Game
1061195,173,2,The Devil's Brigade
818752,83,4,Silkwood
1461435,103,1,Sanford and Son: Season 6
2439493,65,1,Lost in the Pershing Point Hotel
1114324,17,3,7 Seconds
2118461,63,4,Crash Dive
1932594,79,3,The Killing
525356,43,3,Silent Service
387418,109,3,No Way Back
507603,43,1,Silent Service
1314869,9,3,Class of Nuke 'Em High 2
507603,149,1,The Edward R. Murrow Collection
1663888,81,3,Antarctica: IMAX
1233297,80,3,Winter Kills
1563935,106,2,Stevie Ray Vaughan and Double Trouble: Live at Montreux 1982 & 1985
786312,104,3,The Great Race
387418,123,1,Chain of Fools
2118461,86,2,Iron Monkey 2
447759,131,5,Arachnid
2248080,67,3,Vampire Journals
504620,83,1,Silkwood
2625420,86,1,Iron Monkey 2
1852040,44,2,Spitfire Grill
716173,167,5,The Chorus
1664010,163,4,MTV: Making the Band 2: Best of Season 1
1876520,41,1,Horror Vision
818752,173,2,The Devil's Brigade
1902838,48,3,Justice League
1473980,163,2,MTV: Making the Band 2: Best of Season 1
1792741,104,3,The Great Race
722591,167,5,The Chorus
1663888,112,3,The Eye of Vichy
2552319,58,3,Dragonheart
1114324,18,3,Immortal Beloved
1061195,129,1,Darkwolf
798296,43,1,Silent Service
2606799,29,1,Boycott
1139570,110,3,Scandal
57633,115,4,Lord Peter Wimsey: Murder Must Advertise
2439493,132,1,Lucio Fulci: The Beyond
57633,102,3,Notre Musique
2552319,71,3,Maya Lin: A Strong Clear Vision
1001129,27,3,Sesame Street: Elmo's World: The Street We Live On
2056022,140,2,Lost in the Wild
2119007,30,3,Something's Gotta Give
684876,28,4,Lilo and Stitch
507603,133,1,Viva La Bam: Season 1
794999,6,5,Sick
2118461,143,5,The Game
1792741,125,4,Nighthawks
387418,79,1,The Killing
2118461,169,4,Cartoon Network Halloween: 9 Creepy Cartoon Capers
752642,43,1,Silent Service
636262,165,1,Richard Pryor: Live on the Sunset Strip
305344,149,1,The Edward R. Murrow Collection
798296,166,4,Fame
1673185,107,3,Magnolia: Bonus Material
305344,107,3,Magnolia: Bonus Material
2147527,14,1,Nature: Antarctica
1639792,78,1,Jingle All the Way
2537543,167,1,The Chorus
1852040,138,2,Star Trek: Voyager: Season 1
769702,28,4,Lilo and Stitch
1461435,97,1,Mostly Martha
1105029,110,3,Scandal
1710658,156,2,Husbands and Wives
1673185,3,3,Character
2584676,126,1,Vampire Effect (aka Twins Effect)
2237185,110,3,Scandal
147386,58,4,Dragonheart
2457095,47,1,The Bad and the Beautiful
752642,128,3,Mr. Vampire
1314869,108,3,Spartan
1784150,30,3,Something's Gotta Give
402266,106,5,Stevie Ray Vaughan and Double Trouble: Live at Montreux 1982 & 1985
2439493,69,1,WWE: Armageddon 2003
2537543,152,5,A Little Princess
1664010,97,5,Mostly Martha
57633,26,3,Never Die Alone
2147527,167,1,The Chorus
2143500,110,4,Scandal
684876,12,3,My Favorite Brunette
1707198,173,3,The Devil's Brigade
2606799,143,4,The Game
1033930,171,4,Funny Face
1146000,76,2,I Love Lucy: Season 2
2237185,84,4,The Powerpuff Girls Movie
2056022,65,2,Lost in the Pershing Point Hotel
794999,108,5,Spartan
2238060,25,2,Inspector Morse 31: Death Is Now My Neighbour
883478,30,5,Something's Gotta Give
883478,156,3,Husbands and Wives
1461435,73,1,Davy Crockett: 50th Anniversary Double Feature
722591,30,5,Something's Gotta Give
1664010,104,5,The Great Race
491531,55,2,Jade
636262,148,4,Sweet November
1664010,140,3,Lost in the Wild
1602153,54,3,We're Not Married
722591,15,5,Neil Diamond: Greatest Hits Live
2439493,116,1,Bear Cub
2040859,132,1,Lucio Fulci: The Beyond
1612901,24,2,My Bloody Valentine
1932594,109,3,No Way Back
1110156,30,5,Something's Gotta Give
743633,168,4,Smokey and the Bandit Part 3
2606799,71,2,Maya Lin: A Strong Clear Vision
525356,84,3,The Powerpuff Girls Movie
1563935,157,1,Laird: White Knuckle Extreme
74441,165,4,Richard Pryor: Live on the Sunset Strip
1461435,111,1,Duplex (Widescreen)
1664010,60,3,The Libertine
1233297,127,2,Fatal Beauty
503235,148,2,Sweet November
1403217,168,3,Smokey and the Bandit Part 3
2602249,113,3,Bruce Lee: A Warrior's Journey
1902838,165,4,Richard Pryor: Live on the Sunset Strip
1984086,175,2,Reservoir Dogs
2083367,148,4,Sweet November
305344,16,1,Screamers
1028463,156,1,Husbands and Wives
1935793,165,4,Richard Pryor: Live on the Sunset Strip
322009,19,3,By Dawn's Early Light
1707198,166,4,Fame
71594,131,2,Arachnid
2119007,111,2,Duplex (Widescreen)
1771252,8,2,What the #$*! Do We Know!?
2237185,44,3,Spitfire Grill
1984086,111,3,Duplex (Widescreen)
1612901,83,4,Silkwood
1806515,125,2,Nighthawks
305344,57,2,Richard III
1473980,166,3,Fame
530789,90,5,The Lemon Drop Kid
1984086,97,3,Mostly Martha
1806515,36,3,Lady Chatterley
1639792,50,1,A Yank in the R.A.F.
2291306,109,1,No Way Back
305344,110,1,Scandal
1852040,89,1,Chain of Command
1314869,56,2,Carandiru
1903324,118,4,Rambo: First Blood Part II
2256485,108,3,Spartan
491531,108,5,Spartan
184705,111,4,Duplex (Widescreen)
2118461,156,4,Husbands and Wives
1792741,110,2,Scandal
727242,23,1,Clifford: Clifford Saves the Day! / Clifford's Fluffiest Friend Cleo
1470123,97,3,Mostly Martha
2634967,155,1,The Strongest Man in the World
2606799,5,1,The Rise and Fall of ECW
2056022,120,2,Plain Dirty
1114324,91,4,WWE: Royal Rumble 2005
798296,142,1,The Tricky Master
1105029,111,3,Duplex (Widescreen)
1664010,84,5,The Powerpuff Girls Movie
1028463,28,4,Lilo and Stitch
794999,50,5,A Yank in the R.A.F.
1664010,30,5,Something's Gotta Give
1473980,106,2,Stevie Ray Vaughan and Double Trouble: Live at Montreux 1982 & 1985
387418,174,1,Adam-12: Season 1
1314869,71,2,Maya Lin: A Strong Clear Vision
647979,173,4,The Devil's Brigade
1037245,77,3,Congo
1166912,16,2,Screamers
1114324,76,1,I Love Lucy: Season 2
74441,15,2,Neil Diamond: Greatest Hits Live
1272379,28,4,Lilo and Stitch
1903324,104,1,The Great Race
2147527,162,1,John Cleese on How to Irritate People
2256485,173,3,The Devil's Brigade
525356,108,4,Spartan
798296,127,1,Fatal Beauty
305344,67,1,Vampire Journals
1105029,57,4,Richard III
1403217,27,1,Sesame Street: Elmo's World: The Street We Live On
1784150,174,5,Adam-12: Season 1
1146000,83,2,Silkwood
2143500,3,3,Character
2118461,131,5,Arachnid
1037245,117,3,Silk Stockings
1299887,90,3,The Lemon Drop Kid
1927580,77,3,Congo
2584676,148,2,Sweet November
2119007,175,4,Reservoir Dogs
16272,104,3,The Great Race
1114324,89,2,Chain of Command
2143500,90,3,The Lemon Drop Kid
1663888,57,5,Richard III
57633,145,3,Get Out Your Handkerchiefs
402266,57,4,Richard III
1819462,83,2,Silkwood
743633,73,4,Davy Crockett: 50th Anniversary Double Feature
682963,76,4,I Love Lucy: Season 2
727242,30,3,Something's Gotta Give
1403217,97,2,Mostly Martha
2147527,33,2,Aqua Teen Hunger Force: Vol. 1
2118461,81,5,Antarctica: IMAX
1146000,71,4,Maya Lin: A Strong Clear Vision
2439493,17,1,7 Seconds
387418,29,1,Boycott
305344,39,1,Love Reinvented
769702,18,2,Immortal Beloved
1792741,63,3,Crash Dive
2147527,36,2,Lady Chatterley
1984086,83,5,Silkwood
530789,174,3,Adam-12: Season 1
1707198,58,3,Dragonheart
2606799,100,3,Sam the Iron Bridge
447759,125,5,Nighthawks
1710658,68,3,Invader Zim
1146000,115,3,Lord Peter Wimsey: Murder Must Advertise
387418,60,2,The Libertine
1852040,125,4,Nighthawks
1876520,173,1,The Devil's Brigade
322009,97,2,Mostly Martha
2439493,39,1,Love Reinvented
2040859,71,1,Maya Lin: A Strong Clear Vision
2625420,84,2,The Powerpuff Girls Movie
1556831,30,3,Something's Gotta Give
2439493,71,1,Maya Lin: A Strong Clear Vision
1272379,148,4,Sweet November
1357209,117,3,Silk Stockings
2625420,113,2,Bruce Lee: A Warrior's Journey
504620,148,1,Sweet November
1977959,44,4,Spitfire Grill
1114324,57,3,Richard III
2315012,76,5,I Love Lucy: Season 2
1033930,77,3,Congo
1105029,68,1,Invader Zim
883478,32,3,ABC Primetime: Mel Gibson's The Passion of the Christ
2297136,174,1,Adam-12: Season 1
1029163,131,1,Arachnid
2143500,82,3,The Frogmen
798296,3,4,Character
2584676,90,5,The Lemon Drop Kid
1061195,43,2,Silent Service
1935793,157,1,Laird: White Knuckle Extreme
1806515,28,5,Lilo and Stitch
1037245,118,3,Rambo: First Blood Part II
1473980,170,2,Tomorrow
1314869,94,2,G3: Live in Concert
1461435,108,4,Spartan
2291306,80,2,Winter Kills
1771252,173,4,The Devil's Brigade
503235,83,4,Silkwood
818752,111,2,Duplex (Widescreen)
873713,16,3,Screamers
1028463,58,5,Dragonheart
1602153,140,2,Lost in the Wild
1984086,161,4,Ninotchka
1298511,156,3,Husbands and Wives
1461435,125,1,Nighthawks
305344,49,3,Devo: The Complete Truth About De-evolution
1710658,33,3,Aqua Teen Hunger Force: Vol. 1
1792741,115,3,Lord Peter Wimsey: Murder Must Advertise
1461435,110,1,Scandal
1001129,172,2,Jack
2248080,93,2,They Came Back
305344,60,3,The Libertine
1105029,174,1,Adam-12: Season 1
2040859,157,1,Laird: White Knuckle Extreme
636262,77,4,Congo
1903324,44,1,Spitfire Grill
303948,14,3,Nature: Antarctica
818752,50,3,A Yank in the R.A.F.
2118461,116,5,Bear Cub
1001129,64,2,Outside the Law
727242,72,1,Unknown
2552319,52,3,The Weather Underground
1403217,10,2,Fighter
798296,157,1,Laird: White Knuckle Extreme
2457095,63,3,Crash Dive
2606799,151,2,Sleepover Nightmare
1105029,29,3,Boycott
16272,117,3,Silk Stockings
2147527,62,1,Ken Burns' America: Empire of the Air
2238060,131,2,Arachnid
184705,58,3,Dragonheart
952156,57,3,Richard III
2584676,48,1,Justice League
798296,139,1,Allergies: A Natural Approach
2147527,149,2,The Edward R. Murrow Collection
387418,156,2,Husbands and Wives
2143500,147,2,Where Sleeping Dogs Lie
184705,131,3,Arachnid
305344,146,1,Cannibal Women in the Avocado Jungle of Death
2056022,8,3,What the #$*! Do We Know!?
1300759,25,4,Inspector Morse 31: Death Is Now My Neighbour
504620,161,1,Ninotchka
2119007,35,3,Ferngully 2: The Magical Rescue
2439493,86,1,Iron Monkey 2
71594,28,3,Lilo and Stitch
1403217,133,3,Viva La Bam: Season 1
1357209,79,5,The Killing
2606799,91,5,WWE: Royal Rumble 2005
1473980,5,2,The Rise and Fall of ECW
684876,24,1,My Bloody Valentine
1927580,1,4,Dinosaur Planet
16272,129,2,Darkwolf
147386,18,5,Immortal Beloved
1792741,1,2,Dinosaur Planet
1403217,29,2,Boycott
2150746,81,4,Antarctica: IMAX
2056022,135,3,GTO: Great Teacher Onizuka: Set 2
1927580,32,3,ABC Primetime: Mel Gibson's The Passion of the Christ
1664010,81,5,Antarctica: IMAX
1403217,9,2,Class of Nuke 'Em High 2
716173,35,3,Ferngully 2: The Magical Rescue
1139570,90,3,The Lemon Drop Kid
1664010,117,4,Silk Stockings
507603,77,1,Congo
2439493,111,4,Duplex (Widescreen)
798296,109,1,No Way Back
305344,80,2,Winter Kills
2056022,49,2,Devo: The Complete Truth About De-evolution
1664010,171,5,Funny Face
184705,76,4,I Love Lucy: Season 2
2634967,83,3,Silkwood
1461435,156,1,Husbands and Wives
1806515,43,3,Silent Service
1927580,110,3,Scandal
1298511,118,4,Rambo: First Blood Part II
1806515,166,3,Fame
1984086,77,3,Congo
2439493,59,1,Sex and the Beauties
2237185,111,3,Duplex (Widescreen)
2606799,55,3,Jade
305344,84,2,The Powerpuff Girls Movie
1461435,166,1,Fame
1902838,78,1,Jingle All the Way
2606799,125,4,Nighthawks
2315012,148,1,Sweet November
2291306,47,3,The Bad and the Beautiful
1876520,131,2,Arachnid
1461435,68,1,Invader Zim
1114324,35,3,Ferngully 2: The Magical Rescue
387418,162,2,John Cleese on How to Irritate People
1033930,8,3,What the #$*! Do We Know!?
1903324,3,1,Character
1299887,49,1,Devo: The Complete Truth About De-evolution
2457095,106,2,Stevie Ray Vaughan and Double Trouble: Live at Montreux 1982 & 1985
1639792,112,1,The Eye of Vichy
1639792,146,1,Cannibal Women in the Avocado Jungle of Death
491531,5,1,The Rise and Fall of ECW
387418,42,1,Searching for Paradise
1563935,59,1,Sex and the Beauties
1114324,162,4,John Cleese on How to Irritate People
862596,161,3,Ninotchka
503235,65,2,Lost in the Pershing Point Hotel
2118461,144,3,Deepak Chopra: The Way of the Wizard & Alchemy
1300759,97,4,Mostly Martha
305344,155,1,The Strongest Man in the World
1771252,108,3,Spartan
447759,160,5,Gormenghast
1110156,88,3,Record of Lodoss War: Chronicles of the Heroic Knight
305344,29,3,Boycott
57633,50,3,A Yank in the R.A.F.
2248080,146,2,Cannibal Women in the Avocado Jungle of Death
2439493,16,1,Screamers
3321,106,4,Stevie Ray Vaughan and Double Trouble: Live at Montreux 1982 & 1985
2625420,68,2,Invader Zim
1033930,127,3,Fatal Beauty
1650301,144,2,Deepak Chopra: The Way of the Wizard & Alchemy
1852040,18,2,Immortal Beloved
1876520,152,2,A Little Princess
786312,3,3,Character
727242,24,1,My Bloody Valentine
2147527,12,2,My Favorite Brunette
305344,86,1,Iron Monkey 2
1314869,41,3,Horror Vision
752642,148,1,Sweet November
1663888,63,3,Crash Dive
1001129,141,2,Goddess of Mercy
1461435,113,1,Bruce Lee: A Warrior's Journey
1146000,128,1,Mr. Vampire
1876520,90,1,The Lemon Drop Kid
1473980,131,4,Arachnid
2439493,75,1,Grind
1663888,73,3,Davy Crockett: 50th Anniversary Double Feature
1461435,75,1,Grind
1664010,55,5,Jade
2238060,58,5,Dragonheart
387418,155,2,The Strongest Man in the World
1461435,100,1,Sam the Iron Bridge
769702,77,1,Congo
2238060,18,4,Immortal Beloved
2439493,122,1,Cube 2: Hypercube
1515355,166,4,Fame
722591,148,5,Sweet November
1314869,101,4,Complete Shamanic Princess
883478,129,3,Darkwolf
1852040,58,3,Dragonheart
752642,24,1,My Bloody Valentine
305344,130,1,Drowning on Dry Land
504620,24,1,My Bloody Valentine
862596,155,4,The Strongest Man in the World
1784150,58,4,Dragonheart
2118461,105,3,Obsessed
1927580,12,2,My Favorite Brunette
2118461,54,3,We're Not Married
1935793,92,1,ECW: Cyberslam '99
387418,142,2,The Tricky Master
2457095,29,3,Boycott
387418,171,1,Funny Face
1806515,26,3,Never Die Alone
2040859,58,4,Dragonheart
1784150,126,4,Vampire Effect (aka Twins Effect)
716173,118,5,Rambo: First Blood Part II
873713,128,1,Mr. Vampire
491531,118,5,Rambo: First Blood Part II
1314869,134,2,Spirit Lost
305344,81,3,Antarctica: IMAX
2457095,129,3,Darkwolf
1673185,97,3,Mostly Martha
2238060,111,5,Duplex (Widescreen)
2457095,89,2,Chain of Command
1146000,110,3,Scandal
1932594,5,2,The Rise and Fall of ECW
1639792,153,1,MTV Yoga
2118461,70,3,Tai Chi: The 24 Forms
1784150,68,2,Invader Zim
2118461,103,5,Sanford and Son: Season 6
74441,152,5,A Little Princess
1792741,147,2,Where Sleeping Dogs Lie
1114324,158,3,A Killer Within
1461435,132,1,Lucio Fulci: The Beyond
1650301,137,1,Naked Lies
1314869,44,2,Spitfire Grill
1001129,62,2,Ken Burns' America: Empire of the Air
2315012,143,3,The Game
305344,78,4,Jingle All the Way
2606799,44,3,Spitfire Grill
1272379,44,1,Spitfire Grill
2315012,173,1,The Devil's Brigade
305344,68,1,Invader Zim
798296,143,2,The Game
1639792,67,1,Vampire Journals
2237185,148,3,Sweet November
1927580,125,2,Nighthawks
1664010,39,5,Love Reinvented
2062350,106,3,Stevie Ray Vaughan and Double Trouble: Live at Montreux 1982 & 1985
305344,108,1,Spartan
1515355,88,4,Record of Lodoss War: Chronicles of the Heroic Knight
402266,148,3,Sweet November
716173,57,5,Richard III
402266,152,3,A Little Princess
1001129,97,2,Mostly Martha
447759,16,5,Screamers
1001129,9,2,Class of Nuke 'Em High 2
491531,32,5,ABC Primetime: Mel Gibson's The Passion of the Christ
387418,59,1,Sex and the Beauties
727242,138,1,Star Trek: Voyager: Season 1
16272,124,2,Cold Blooded
2238060,26,5,Never Die Alone
305344,69,1,WWE: Armageddon 2003
504620,143,4,The Game
2118461,24,4,My Bloody Valentine
727242,10,1,Fighter
2056022,48,2,Justice League
386947,109,4,No Way Back
387418,65,1,Lost in the Pershing Point Hotel
1166912,57,2,Richard III
322009,166,3,Fame
238740,170,3,Tomorrow
752642,143,2,The Game
2118461,25,5,Inspector Morse 31: Death Is Now My Neighbour
1299887,160,3,Gormenghast
2634967,166,4,Fame
2315012,63,2,Crash Dive
1602153,129,3,Darkwolf
1314869,152,2,A Little Princess
1110156,84,2,The Powerpuff Girls Movie
2439493,163,1,MTV: Making the Band 2: Best of Season 1
908205,47,3,The Bad and the Beautiful
1903324,52,1,The Weather Underground
2634967,84,1,The Powerpuff Girls Movie
794999,60,5,The Libertine
2439493,144,1,Deepak Chopra: The Way of the Wizard & Alchemy
2143500,145,3,Get Out Your Handkerchiefs
1852040,16,1,Screamers
16272,16,3,Screamers
2118461,161,5,Ninotchka
1403217,68,1,Invader Zim
2584676,50,2,A Yank in the R.A.F.
1663888,165,5,Richard Pryor: Live on the Sunset Strip
862596,151,1,Sleepover Nightmare
305344,122,2,Cube 2: Hypercube
1314869,129,3,Darkwolf
1461435,155,1,The Strongest Man in the World
2150746,8,2,What the #$*! Do We Know!?
1028463,71,2,Maya Lin: A Strong Clear Vision
387418,101,1,Complete Shamanic Princess
525356,143,4,The Game
2439493,57,1,Richard III
908205,166,4,Fame
2457095,156,2,Husbands and Wives
387418,27,1,Sesame Street: Elmo's World: The Street We Live On
2439493,90,1,The Lemon Drop Kid
147386,1,5,Dinosaur Planet
305344,58,2,Dragonheart
1664010,57,5,Richard III
1927580,152,2,A Little Princess
1470123,10,4,Fighter
2439493,143,1,The Game
1927580,173,3,The Devil's Brigade
1061195,48,5,Justice League
2439493,93,1,They Came Back
1061195,29,2,Boycott
1932594,158,2,A Killer Within
147386,79,3,The Killing
1876520,157,1,Laird: White Knuckle Extreme
1784150,118,4,Rambo: First Blood Part II
1935793,152,3,A Little Princess
2552319,128,2,Mr. Vampire
1139570,156,4,Husbands and Wives
789014,87,1,Louder Than Bombs
1664010,19,4,By Dawn's Early Light
1806515,84,3,The Powerpuff Girls Movie
1033930,161,3,Ninotchka
722591,165,5,Richard Pryor: Live on the Sunset Strip
1819462,35,3,Ferngully 2: The Magical Rescue
786312,143,3,The Game
16272,24,2,My Bloody Valentine
3321,96,3,Inside the Space Station
1784150,16,2,Screamers
1028463,89,3,Chain of Command
387418,87,2,Louder Than Bombs
1935793,44,3,Spitfire Grill
1473980,18,3,Immortal Beloved
1233297,83,3,Silkwood
503235,108,3,Spartan
2056022,113,3,Bruce Lee: A Warrior's Journey
1139570,45,3,The Love Letter
1792741,112,3,The Eye of Vichy
305344,161,1,Ninotchka
447759,108,5,Spartan
387418,39,2,Love Reinvented
883478,111,4,Duplex (Widescreen)
1876520,39,1,Love Reinvented
1509395,171,4,Funny Face
1602153,133,5,Viva La Bam: Season 1
1105029,106,3,Stevie Ray Vaughan and Double Trouble: Live at Montreux 1982 & 1985
2118461,91,5,WWE: Royal Rumble 2005
387418,129,1,Darkwolf
727242,155,1,The Strongest Man in the World
682963,57,3,Richard III
1819462,175,1,Reservoir Dogs
716173,172,3,Jack
1473980,67,3,Vampire Journals
752642,5,1,The Rise and Fall of ECW
2606799,157,2,Laird: White Knuckle Extreme
1639792,29,3,Boycott
1473980,28,5,Lilo and Stitch
786312,165,3,Richard Pryor: Live on the Sunset Strip
503235,48,2,Justice League
786312,37,3,Zatoichi's Conspiracy
74441,18,3,Immortal Beloved
2256485,133,1,Viva La Bam: Season 1
2118461,60,3,The Libertine
2118461,97,4,Mostly Martha
1061195,58,5,Dragonheart
2143500,44,2,Spitfire Grill
2237185,29,3,Boycott
1028463,155,5,The Strongest Man in the World
1784150,18,3,Immortal Beloved
2291306,166,2,Fame
305344,116,1,Bear Cub
2439493,166,1,Fame
319058,152,3,A Little Princess
1403217,149,3,The Edward R. Murrow Collection
1272379,133,2,Viva La Bam: Season 1
2040859,111,3,Duplex (Widescreen)
769702,128,2,Mr. Vampire
1784150,113,4,Bruce Lee: A Warrior's Journey
447759,25,5,Inspector Morse 31: Death Is Now My Neighbour
1664010,130,3,Drowning on Dry Land
1663888,71,3,Maya Lin: A Strong Clear Vision
2537543,91,1,WWE: Royal Rumble 2005
57633,56,3,Carandiru
794999,110,5,Scandal
2634967,101,1,Complete Shamanic Princess
1110156,57,3,Richard III
1298511,35,1,Ferngully 2: The Magical Rescue
1509395,44,4,Spitfire Grill
1114324,134,2,Spirit Lost
2118461,18,4,Immortal Beloved
682963,52,3,The Weather Underground
798296,18,3,Immortal Beloved
1227322,164,1,One Last Dance
74441,57,4,Richard III
1612901,44,3,Spitfire Grill
1984086,117,5,Silk Stockings
1771252,77,3,Congo
752642,104,3,The Great Race
1563935,48,1,Justice League
1927580,37,3,Zatoichi's Conspiracy
305344,83,5,Silkwood
387418,95,2,Dona Herlinda and Her Son
595778,36,5,Lady Chatterley
1028463,48,5,Justice League
2062350,107,5,Magnolia: Bonus Material
786312,108,2,Spartan
1029163,79,3,The Killing
1314869,30,3,Something's Gotta Give
798296,152,3,A Little Princess
2439493,136,1,Cat and the Canary
1792741,26,3,Never Die Alone
71594,35,2,Ferngully 2: The Magical Rescue
722591,166,4,Fame
2118461,106,4,Stevie Ray Vaughan and Double Trouble: Live at Montreux 1982 & 1985
2040859,95,1,Dona Herlinda and Her Son
387418,68,1,Invader Zim
1001129,32,4,ABC Primetime: Mel Gibson's The Passion of the Christ
387418,82,1,The Frogmen
2118461,35,5,Ferngully 2: The Magical Rescue
2606799,104,2,The Great Race
2584676,113,3,Bruce Lee: A Warrior's Journey
1461435,91,1,WWE: Royal Rumble 2005
1771252,143,2,The Game
1515355,101,4,Complete Shamanic Princess
1902838,156,2,Husbands and Wives
727242,6,1,Sick
2143500,111,2,Duplex (Widescreen)
1061195,155,5,The Strongest Man in the World
2118461,87,3,Louder Than Bombs
387418,25,2,Inspector Morse 31: Death Is Now My Neighbour
1272379,57,1,Richard III
1927580,79,4,The Killing
1673185,138,3,Star Trek: Voyager: Season 1
305344,129,1,Darkwolf
1932594,16,2,Screamers
1299887,171,5,Funny Face
1110156,143,3,The Game
504620,44,1,Spitfire Grill
1563935,175,4,Reservoir Dogs
2439493,22,1,Chump Change
2118461,123,3,Chain of Fools
1110156,156,1,Husbands and Wives
1707198,90,4,The Lemon Drop Kid
1470123,76,1,I Love Lucy: Season 2
1977959,118,2,Rambo: First Blood Part II
1977959,110,4,Scandal
1233297,118,3,Rambo: First Blood Part II
2237185,128,4,Mr. Vampire
1403217,166,2,Fame
1935793,68,1,Invader Zim
1114324,168,3,Smokey and the Bandit Part 3
862596,160,1,Gormenghast
305344,48,2,Justice League
1509395,127,4,Fatal Beauty
2056022,33,2,Aqua Teen Hunger Force: Vol. 1
1461435,87,1,Louder Than Bombs
1563935,94,1,G3: Live in Concert
636262,79,1,The Killing
2083367,110,3,Scandal
1114324,24,3,My Bloody Valentine
305344,88,1,Record of Lodoss War: Chronicles of the Heroic Knight
1028463,108,5,Spartan
1509395,26,4,Never Die Alone
525356,17,3,7 Seconds
952156,102,2,Notre Musique
1461435,47,1,The Bad and the Beautiful
2040859,28,3,Lilo and Stitch
387418,105,2,Obsessed
303948,125,4,Nighthawks
1298511,23,1,Clifford: Clifford Saves the Day! / Clifford's Fluffiest Friend Cleo
1819462,5,1,The Rise and Fall of ECW
636262,17,2,7 Seconds
74441,97,5,Mostly Martha
1935793,50,2,A Yank in the R.A.F.
1314869,174,3,Adam-12: Season 1
1876520,130,1,Drowning on Dry Land
2147527,90,2,The Lemon Drop Kid
908205,167,4,The Chorus
1932594,65,1,Lost in the Pershing Point Hotel
2256485,26,3,Never Die Alone
2143500,79,4,The Killing
1639792,124,1,Cold Blooded
16272,108,2,Spartan
16272,127,2,Fatal Beauty
1639792,77,1,Congo
2537543,138,5,Star Trek: Voyager: Season 1
1272379,32,4,ABC Primetime: Mel Gibson's The Passion of the Christ
862596,122,3,Cube 2: Hypercube
1612901,110,4,Scandal
682963,84,3,The Powerpuff Girls Movie
1819462,159,1,Gentlemen of Fortune
322009,125,4,Nighthawks
798296,48,1,Justice League
447759,77,5,Congo
305344,117,1,Silk Stockings
491531,166,3,Fame
1114324,52,4,The Weather Underground
386947,28,3,Lilo and Stitch
2606799,111,2,Duplex (Widescreen)
1166912,29,1,Boycott
1563935,145,1,Get Out Your Handkerchiefs
2457095,15,2,Neil Diamond: Greatest Hits Live
2291306,89,1,Chain of Command
507603,98,3,The Battle of Algiers: Bonus Material
1639792,145,1,Get Out Your Handkerchiefs
184705,44,3,Spitfire Grill
2118461,30,5,Something's Gotta Give
2634967,88,1,Record of Lodoss War: Chronicles of the Heroic Knight
16272,50,3,A Yank in the R.A.F.
1461435,78,1,Jingle All the Way
1028463,117,1,Silk Stockings
1707198,104,3,The Great Race
862596,166,2,Fame
2118461,64,3,Outside the Law
305344,142,1,The Tricky Master
1984086,173,4,The Devil's Brigade
2118461,50,4,A Yank in the R.A.F.
752642,147,1,Where Sleeping Dogs Lie
1299887,78,1,Jingle All the Way
1033930,73,3,Davy Crockett: 50th Anniversary Double Feature
1664010,93,3,They Came Back
1664010,168,5,Smokey and the Bandit Part 3
873713,97,1,Mostly Martha
2439493,159,1,Gentlemen of Fortune
2297136,68,1,Invader Zim
1105029,161,4,Ninotchka
1639792,100,1,Sam the Iron Bridge
1028463,165,5,Richard Pryor: Live on the Sunset Strip
1473980,168,3,Smokey and the Bandit Part 3
2237185,126,3,Vampire Effect (aka Twins Effect)
2083367,108,4,Spartan
2056022,84,1,The Powerpuff Girls Movie
1663888,160,3,Gormenghast
786312,111,3,Duplex (Widescreen)
798296,52,3,The Weather Underground
2291306,132,4,Lucio Fulci: The Beyond
1664010,102,5,Notre Musique
387418,75,2,Grind
1473980,21,3,Strange Relations
1819462,47,2,The Bad and the Beautiful
303948,152,5,A Little Princess
1852040,126,2,Vampire Effect (aka Twins Effect)
684876,108,2,Spartan
319058,156,4,Husbands and Wives
1461435,144,1,Deepak Chopra: The Way of the Wizard & Alchemy
2625420,115,2,Lord Peter Wimsey: Murder Must Advertise
1461435,19,1,By Dawn's Early Light
1984086,166,5,Fame
752642,165,3,Richard Pryor: Live on the Sunset Strip
2056022,89,2,Chain of Command
387418,18,2,Immortal Beloved
1037245,148,4,Sweet November
319058,32,1,ABC Primetime: Mel Gibson's The Passion of the Christ
530789,52,3,The Weather Underground
402266,30,5,Something's Gotta Give
3321,58,4,Dragonheart
1903324,35,1,Ferngully 2: The Magical Rescue
1298511,89,1,Chain of Command
1563935,5,1,The Rise and Fall of ECW
743633,26,4,Never Die Alone
2602249,171,3,Funny Face
1314869,165,5,Richard Pryor: Live on the Sunset Strip
1001129,115,2,Lord Peter Wimsey: Murder Must Advertise
1903324,28,4,Lilo and Stitch
507603,5,1,The Rise and Fall of ECW
1984086,150,3,Firetrap
1061195,169,2,Cartoon Network Halloween: 9 Creepy Cartoon Capers
682963,168,3,Smokey and the Bandit Part 3
1357209,173,4,The Devil's Brigade
786312,24,3,My Bloody Valentine
1673185,143,3,The Game
1792741,138,3,Star Trek: Voyager: Season 1
2606799,128,2,Mr. Vampire
3321,30,5,Something's Gotta Give
1114324,28,4,Lilo and Stitch
1639792,152,1,A Little Princess
1037245,165,4,Richard Pryor: Live on the Sunset Strip
883478,1,4,Dinosaur Planet
1105029,97,4,Mostly Martha
2439493,101,1,Complete Shamanic Princess
1105029,83,5,Silkwood
57633,78,2,Jingle All the Way
2602249,165,3,Richard Pryor: Live on the Sunset Strip
2143500,118,2,Rambo: First Blood Part II
2606799,155,2,The Strongest Man in the World
1227322,151,1,Sleepover Nightmare
1146000,54,2,We're Not Married
1028463,35,5,Ferngully 2: The Magical Rescue
1664010,105,4,Obsessed
387418,20,1,Seeta Aur Geeta
1227322,118,2,Rambo: First Blood Part II
507094,117,4,Silk Stockings
682963,128,3,Mr. Vampire
647979,28,4,Lilo and Stitch
2056022,59,2,Sex and the Beauties
1001129,87,2,Louder Than Bombs
1664010,155,5,The Strongest Man in the World
682963,165,4,Richard Pryor: Live on the Sunset Strip
2056022,35,3,Ferngully 2: The Magical Rescue
2248080,30,3,Something's Gotta Give
1037245,83,5,Silkwood
952156,143,4,The Game
1663888,118,3,Rambo: First Blood Part II
1509395,77,1,Congo
1029163,127,1,Fatal Beauty
1166912,151,2,Sleepover Nightmare
1272379,128,1,Mr. Vampire
2147527,92,2,ECW: Cyberslam '99
1707198,18,3,Immortal Beloved
2634967,77,2,Congo
1357209,156,3,Husbands and Wives
1298511,57,2,Richard III
2083367,19,3,By Dawn's Early Light
798296,88,1,Record of Lodoss War: Chronicles of the Heroic Knight
1461435,136,1,Cat and the Canary
2147527,103,2,Sanford and Son: Season 6
1664010,27,5,Sesame Street: Elmo's World: The Street We Live On
716173,126,5,Vampire Effect (aka Twins Effect)
789014,45,2,The Love Letter
1806515,79,3,The Killing
1470123,6,3,Sick
2439493,96,1,Inside the Space Station
387418,52,2,The Weather Underground
2118461,90,4,The Lemon Drop Kid
1792741,174,3,Adam-12: Season 1
2056022,148,3,Sweet November
1876520,119,1,Travel the World by Train: Africa
2606799,84,5,The Powerpuff Girls Movie
2237185,58,4,Dragonheart
2256485,20,1,Seeta Aur Geeta
503235,57,3,Richard III
2606799,64,2,Outside the Law
504620,5,1,The Rise and Fall of ECW
1233297,108,4,Spartan
1784150,108,4,Spartan
525356,175,5,Reservoir Dogs
1806515,94,3,G3: Live in Concert
2083367,30,4,Something's Gotta Give
1984086,76,5,I Love Lucy: Season 2
1784150,8,3,What the #$*! Do We Know!?
303948,35,4,Ferngully 2: The Magical Rescue
2315012,160,1,Gormenghast
238740,25,3,Inspector Morse 31: Death Is Now My Neighbour
1461435,169,1,Cartoon Network Halloween: 9 Creepy Cartoon Capers
1314869,23,1,Clifford: Clifford Saves the Day! / Clifford's Fluffiest Friend Cleo
2457095,133,1,Viva La Bam: Season 1
305344,12,4,My Favorite Brunette
789014,109,1,No Way Back
1771252,171,3,Funny Face
1509395,32,4,ABC Primetime: Mel Gibson's The Passion of the Christ
752642,80,3,Winter Kills
1166912,175,4,Reservoir Dogs
2439493,32,2,ABC Primetime: Mel Gibson's The Passion of the Christ
1146000,79,2,The Killing
2256485,71,1,Maya Lin: A Strong Clear Vision
1461435,38,1,Daydream Obsession
1664010,1,5,Dinosaur Planet
2625420,101,2,Complete Shamanic Princess
1509395,175,4,Reservoir Dogs
789014,147,2,Where Sleeping Dogs Lie
1001129,150,2,Firetrap
1792741,28,3,Lilo and Stitch
305344,97,2,Mostly Martha
1473980,172,2,Jack
2439493,30,3,Something's Gotta Give
1852040,153,1,MTV Yoga
2118461,8,3,What the #$*! Do We Know!?
184705,108,3,Spartan
752642,78,2,Jingle All the Way
2625420,20,2,Seeta Aur Geeta
2143500,109,3,No Way Back
1033930,52,3,The Weather Underground
1298511,31,2,Classic Albums: Meat Loaf: Bat Out of Hell
1001129,110,3,Scandal
1612901,143,4,The Game
1166912,30,3,Something's Gotta Give
786312,175,3,Reservoir Dogs
1299887,84,5,The Powerpuff Girls Movie
1105029,173,2,The Devil's Brigade
2238060,148,5,Sweet November
2248080,171,3,Funny Face
1314869,37,3,Zatoichi's Conspiracy
2062350,166,5,Fame
303948,48,4,Justice League
1139570,125,4,Nighthawks
1037245,173,3,The Devil's Brigade
2625420,43,2,Silent Service
1139570,173,3,The Devil's Brigade
305344,6,1,Sick
2118461,126,5,Vampire Effect (aka Twins Effect)
2062350,30,5,Something's Gotta Give
684876,118,2,Rambo: First Blood Part II
2315012,104,1,The Great Race
1272379,90,3,The Lemon Drop Kid
1927580,118,1,Rambo: First Blood Part II
2439493,141,1,Goddess of Mercy
1876520,156,1,Husbands and Wives
2118461,93,3,They Came Back
862596,71,1,Maya Lin: A Strong Clear Vision
303948,4,2,Paula Abdul's Get Up & Dance
147386,80,3,Winter Kills
303948,104,3,The Great Race
2457095,10,1,Fighter
716173,122,3,Cube 2: Hypercube
1314869,131,3,Arachnid
71594,46,4,Rudolph the Red-Nosed Reindeer
2238060,50,2,A Yank in the R.A.F.
1110156,148,3,Sweet November
387418,148,3,Sweet November
238740,125,2,Nighthawks
1852040,52,1,The Weather Underground
1314869,104,3,The Great Race
769702,143,3,The Game
2297136,35,1,Ferngully 2: The Magical Rescue
74441,73,4,Davy Crockett: 50th Anniversary Double Feature
1403217,52,3,The Weather Underground
722591,103,4,Sanford and Son: Season 6
1461435,63,1,Crash Dive
818752,127,3,Fatal Beauty
2143500,172,2,Jack
71594,100,1,Sam the Iron Bridge
387418,143,2,The Game
1792741,117,4,Silk Stockings
1001129,169,2,Cartoon Network Halloween: 9 Creepy Cartoon Capers
2056022,63,2,Crash Dive
2537543,156,1,Husbands and Wives
794999,113,5,Bruce Lee: A Warrior's Journey
1029163,173,3,The Devil's Brigade
2147527,23,2,Clifford: Clifford Saves the Day! / Clifford's Fluffiest Friend Cleo
387418,10,2,Fighter
716173,108,4,Spartan
305344,126,1,Vampire Effect (aka Twins Effect)
2147527,56,1,Carandiru
1707198,148,3,Sweet November
1314869,175,4,Reservoir Dogs
1473980,77,5,Congo
1663888,58,5,Dragonheart
387418,94,2,G3: Live in Concert
862596,18,1,Immortal Beloved
2291306,57,4,Richard III
2237185,55,2,Jade
57633,90,3,The Lemon Drop Kid
1556831,104,2,The Great Race
1314869,6,2,Sick
1314869,60,3,The Libertine
2315012,44,3,Spitfire Grill
387418,88,2,Record of Lodoss War: Chronicles of the Heroic Knight
1298511,24,3,My Bloody Valentine
2040859,56,1,Carandiru
1903324,79,1,The Killing
1033930,108,4,Spartan
3321,133,3,Viva La Bam: Season 1
1473980,35,3,Ferngully 2: The Magical Rescue
908205,106,4,Stevie Ray Vaughan and Double Trouble: Live at Montreux 1982 & 1985
2062350,23,5,Clifford: Clifford Saves the Day! / Clifford's Fluffiest Friend Cleo
2634967,111,1,Duplex (Widescreen)
2291306,58,2,Dragonheart
2237185,8,3,What the #$*! Do We Know!?
2150746,91,4,WWE: Royal Rumble 2005
1664010,76,5,I Love Lucy: Season 2
716173,138,4,Star Trek: Voyager: Season 1
794999,26,5,Never Die Alone
1903324,143,4,The Game
798296,131,1,Arachnid
2602249,105,3,Obsessed
818752,8,2,What the #$*! Do We Know!?
503235,111,3,Duplex (Widescreen)
2297136,155,1,The Strongest Man in the World
1314869,55,5,Jade
1664010,87,3,Louder Than Bombs
1114324,53,1,The Bonesetter
303948,165,4,Richard Pryor: Live on the Sunset Strip
1792741,166,4,Fame
789014,110,1,Scandal
2256485,28,3,Lilo and Stitch
1852040,148,1,Sweet November
322009,127,3,Fatal Beauty
636262,69,1,WWE: Armageddon 2003
2439493,25,1,Inspector Morse 31: Death Is Now My Neighbour
1927580,174,1,Adam-12: Season 1
1037245,95,3,Dona Herlinda and Her Son
303948,116,3,Bear Cub
1806515,50,3,A Yank in the R.A.F.
1771252,110,2,Scandal
1357209,111,4,Duplex (Widescreen)
1001129,42,2,Searching for Paradise
303948,148,3,Sweet November
16272,57,3,Richard III
1300759,165,4,Richard Pryor: Live on the Sunset Strip
1300759,117,4,Silk Stockings
952156,107,4,Magnolia: Bonus Material
1556831,173,4,The Devil's Brigade
682963,117,3,Silk Stockings
1784150,110,4,Scandal
1029163,60,1,The Libertine
716173,24,4,My Bloody Valentine
1314869,151,3,Sleepover Nightmare
682963,167,3,The Chorus
74441,117,3,Silk Stockings
1876520,139,1,Allergies: A Natural Approach
1473980,149,1,The Edward R. Murrow Collection
1233297,171,3,Funny Face
1146000,25,4,Inspector Morse 31: Death Is Now My Neighbour
1902838,41,1,Horror Vision
769702,160,2,Gormenghast
647979,83,3,Silkwood
1233297,125,3,Nighthawks
2606799,43,2,Silent Service
322009,171,3,Funny Face
1146000,171,3,Funny Face
1792741,73,4,Davy Crockett: 50th Anniversary Double Feature
1139570,107,3,Magnolia: Bonus Material
769702,63,3,Crash Dive
2119007,48,3,Justice League
2439493,52,1,The Weather Underground
1001129,170,2,Tomorrow
57633,173,3,The Devil's Brigade
684876,174,4,Adam-12: Season 1
2606799,113,2,Bruce Lee: A Warrior's Journey
1037245,162,3,John Cleese on How to Irritate People
1461435,153,1,MTV Yoga
387418,83,1,Silkwood
1298511,97,3,Mostly Martha
507603,49,1,Devo: The Complete Truth About De-evolution
2552319,84,3,The Powerpuff Girls Movie
1977959,83,4,Silkwood
1227322,103,1,Sanford and Son: Season 6
1663888,107,5,Magnolia: Bonus Material
794999,54,5,We're Not Married
1935793,166,3,Fame
2119007,32,5,ABC Primetime: Mel Gibson's The Passion of the Christ
1001129,147,2,Where Sleeping Dogs Lie
1061195,104,5,The Great Race
491531,52,1,The Weather Underground
722591,55,4,Jade
794999,130,5,Drowning on Dry Land
2150746,161,3,Ninotchka
2439493,20,1,Seeta Aur Geeta
525356,88,4,Record of Lodoss War: Chronicles of the Heroic Knight
1403217,28,3,Lilo and Stitch
2537543,47,1,The Bad and the Beautiful
2291306,162,3,John Cleese on How to Irritate People
322009,8,3,What the #$*! Do We Know!?
238740,143,4,The Game
402266,28,5,Lilo and Stitch
1028463,143,5,The Game
305344,18,2,Immortal Beloved
1033930,30,4,Something's Gotta Give
2118461,118,5,Rambo: First Blood Part II
2056022,83,1,Silkwood
305344,159,1,Gentlemen of Fortune
504620,48,5,Justice League
2634967,86,1,Iron Monkey 2
507094,84,3,The Powerpuff Girls Movie
303948,28,4,Lilo and Stitch
1602153,113,3,Bruce Lee: A Warrior's Journey
1357209,77,4,Congo
3321,145,1,Get Out Your Handkerchiefs
2625420,100,1,Sam the Iron Bridge
1612901,152,4,A Little Princess
1473980,8,2,What the #$*! Do We Know!?
387418,99,2,A Fishy Story
387418,74,1,6ixtynin9
2584676,111,5,Duplex (Widescreen)
1927580,143,5,The Game
873713,143,3,The Game
752642,16,2,Screamers
530789,166,5,Fame
2606799,47,1,The Bad and the Beautiful
1114324,83,4,Silkwood
2118461,62,4,Ken Burns' America: Empire of the Air
883478,166,4,Fame
74441,170,4,Tomorrow
1114324,80,4,Winter Kills
238740,3,3,Character
1664010,121,4,Beyonce: Live at Wembley
1876520,64,1,Outside the Law
1902838,166,2,Fame
722591,18,5,Immortal Beloved
491531,16,5,Screamers
2056022,152,2,A Little Princess
743633,125,2,Nighthawks
2118461,153,3,MTV Yoga
3321,32,2,ABC Primetime: Mel Gibson's The Passion of the Christ
794999,28,5,Lilo and Stitch
1664010,15,4,Neil Diamond: Greatest Hits Live
387418,30,3,Something's Gotta Give
1001129,41,2,Horror Vision
2248080,118,2,Rambo: First Blood Part II
1932594,143,4,The Game
147386,108,4,Spartan
1792741,155,3,The Strongest Man in the World
1146000,30,2,Something's Gotta Give
305344,59,1,Sex and the Beauties
1461435,133,1,Viva La Bam: Season 1
2118461,6,4,Sick
1984086,152,5,A Little Princess
16272,47,2,The Bad and the Beautiful
1029163,118,2,Rambo: First Blood Part II
57633,165,2,Richard Pryor: Live on the Sunset Strip
305344,82,1,The Frogmen
1876520,110,1,Scandal
1061195,30,5,Something's Gotta Give
387418,97,2,Mostly Martha
1357209,122,3,Cube 2: Hypercube
1639792,48,1,Justice League
387418,58,3,Dragonheart
387418,102,1,Notre Musique
1602153,1,4,Dinosaur Planet
305344,125,1,Nighthawks
1792741,27,3,Sesame Street: Elmo's World: The Street We Live On
2439493,80,1,Winter Kills
2248080,47,2,The Bad and the Beautiful
238740,171,4,Funny Face
682963,44,4,Spitfire Grill
2606799,82,2,The Frogmen
1792741,89,3,Chain of Command
2552319,63,3,Crash Dive
305344,9,1,Class of Nuke 'Em High 2
1473980,64,3,Outside the Law
303948,77,4,Congo
2625420,23,2,Clifford: Clifford Saves the Day! / Clifford's Fluffiest Friend Cleo
2118461,77,5,Congo
507094,168,3,Smokey and the Bandit Part 3
1146000,90,2,The Lemon Drop Kid
1473980,24,4,My Bloody Valentine
303948,122,4,Cube 2: Hypercube
305344,111,2,Duplex (Widescreen)
2040859,104,1,The Great Race
525356,48,2,Justice League
1314869,40,3,Pitcher and the Pin-Up
2439493,58,1,Dragonheart
1984086,148,4,Sweet November
1272379,96,1,Inside the Space Station
716173,84,4,The Powerpuff Girls Movie
525356,8,4,What the #$*! Do We Know!?
2118461,56,5,Carandiru
595778,30,4,Something's Gotta Give
387418,84,1,The Powerpuff Girls Movie
305344,63,1,Crash Dive
1110156,80,3,Winter Kills
305344,32,1,ABC Primetime: Mel Gibson's The Passion of the Christ
1903324,18,1,Immortal Beloved
1029163,90,2,The Lemon Drop Kid
2256485,152,2,A Little Princess
1932594,127,3,Fatal Beauty
387418,108,2,Spartan
1602153,143,3,The Game
1139570,36,3,Lady Chatterley
1314869,159,1,Gentlemen of Fortune
1037245,166,5,Fame
2056022,77,3,Congo
752642,173,2,The Devil's Brigade
2248080,77,3,Congo
2143500,26,3,Never Die Alone
2118461,52,5,The Weather Underground
1403217,5,2,The Rise and Fall of ECW
636262,91,1,WWE: Royal Rumble 2005
2606799,103,2,Sanford and Son: Season 6
525356,110,2,Scandal
238740,173,4,The Devil's Brigade
2118461,140,3,Lost in the Wild
1819462,167,2,The Chorus
530789,18,4,Immortal Beloved
1563935,99,1,A Fishy Story
786312,118,1,Rambo: First Blood Part II
818752,165,3,Richard Pryor: Live on the Sunset Strip
2143500,165,3,Richard Pryor: Live on the Sunset Strip
2537543,168,5,Smokey and the Bandit Part 3
319058,28,3,Lilo and Stitch
